time_s,flow_ml_s
0.0,0.037
0.01,0.167
0.02,0.105
0.03,0.231
0.04,0.202
0.05,0.308
0.06,0.15
0.07,0.248
0.08,0.082
0.09,0.054
0.1,0.416
0.11,0.208
0.12,0.313
0.13,0.227
0.14,0.136
0.15,0.242
0.16,0.471
0.17,0.355
0.18,0.031
0.19,0.272
0.2,0.587
0.21,0.304
0.22,0.082
0.23,0.652
0.24,0.486
0.25,0.389
0.26,0.36
0.27,0.594
0.28,0.367
0.29,0.636
0.3,0.561
0.31,0.533
0.32,0.534
0.33,0.502
0.34,0.701
0.35,0.43
0.36,0.333
0.37,0.684
0.38,0.703
0.39,0.696
0.4,0.701
0.41,0.608
0.42,0.79
0.43,0.681
0.44,0.631
0.45,0.673
0.46,1.039
0.47,0.492
0.48,0.843
0.49,0.532
0.5,0.784
0.51,0.751
0.52,0.519
0.53,0.906
0.54,0.807
0.55,0.565
0.56,1.022
0.57,1.127
0.58,1.152
0.59,0.998
0.6,0.967
0.61,1.175
0.62,1.244
0.63,1.178
0.64,0.883
0.65,1.07
0.66,1.122
0.67,0.801
0.68,1.158
0.69,1.445
0.7,1.216
0.71,1.357
0.72,1.179
0.73,1.157
0.74,1.241
0.75,1.078
0.76,1.071
0.77,1.422
0.78,1.454
0.79,1.115
0.8,1.425
0.81,1.283
0.82,1.363
0.83,1.397
0.84,1.493
0.85,1.372
0.86,1.588
0.87,1.438
0.88,1.502
0.89,1.299
0.9,1.764
0.91,1.526
0.92,1.579
0.93,1.247
0.94,1.381
0.95,1.706
0.96,1.579
0.97,1.265
0.98,1.724
0.99,1.502
1.0,1.812
1.01,1.603
1.02,1.663
1.03,1.825
1.04,1.529
1.05,1.531
1.06,1.667
1.07,1.836
1.08,1.528
1.09,1.494
1.1,1.884
1.11,1.686
1.12,1.733
1.13,1.529
1.14,1.722
1.15,1.839
1.16,1.996
1.17,1.756
1.18,2.137
1.19,1.801
1.2,1.818
1.21,2.167
1.22,1.984
1.23,1.885
1.24,1.961
1.25,2.203
1.26,2.236
1.27,1.909
1.28,2.042
1.29,2.078
1.3,1.932
1.31,2.088
1.32,2.113
1.33,2.299
1.34,2.325
1.35,2.111
1.36,2.144
1.37,2.292
1.38,2.12
1.39,2.312
1.4,2.227
1.41,2.111
1.42,2.128
1.43,2.505
1.44,2.281
1.45,2.566
1.46,2.259
1.47,2.396
1.48,2.727
1.49,2.225
1.5,2.115
1.51,2.609
1.52,2.308
1.53,2.445
1.54,2.376
1.55,2.52
1.56,2.353
1.57,2.485
1.58,2.595
1.59,2.393
1.6,2.455
1.61,2.524
1.62,2.378
1.63,2.545
1.64,2.642
1.65,2.58
1.66,2.615
1.67,2.669
1.68,2.59
1.69,2.808
1.7,2.935
1.71,2.666
1.72,2.825
1.73,2.732
1.74,2.839
1.75,3.035
1.76,2.892
1.77,2.566
1.78,2.916
1.79,3.049
1.8,2.847
1.81,3.045
1.82,2.808
1.83,2.705
1.84,2.965
1.85,2.697
1.86,2.94
1.87,3.185
1.88,2.722
1.89,2.832
1.9,2.885
1.91,3.047
1.92,3.017
1.93,3.298
1.94,3.247
1.95,3.194
1.96,3.158
1.97,3.211
1.98,3.039
1.99,3.313
2.0,3.033
2.01,3.341
2.02,3.41
2.03,3.28
2.04,3.238
2.05,3.34
2.06,2.867
2.07,3.357
2.08,3.311
2.09,3.336
2.1,3.466
2.11,3.365
2.12,3.221
2.13,3.387
2.14,3.434
2.15,3.457
2.16,3.48
2.17,3.628
2.18,3.325
2.19,3.53
2.2,3.713
2.21,3.276
2.22,3.579
2.23,3.48
2.24,3.528
2.25,3.464
2.26,3.591
2.27,3.908
2.28,3.458
2.29,3.489
2.3,3.485
2.31,3.955
2.32,3.643
2.33,3.724
2.34,3.684
2.35,3.618
2.36,3.741
2.37,4.161
2.38,4.017
2.39,3.696
2.4,3.937
2.41,3.731
2.42,3.606
2.43,4.041
2.44,4.078
2.45,4.077
2.46,3.866
2.47,3.927
2.48,4.08
2.49,4.043
2.5,3.941
2.51,3.773
2.52,4.049
2.53,4.21
2.54,3.884
2.55,4.176
2.56,4.146
2.57,4.225
2.58,4.259
2.59,4.04
2.6,3.917
2.61,4.096
2.62,4.325
2.63,4.127
2.64,4.12
2.65,3.967
2.66,4.519
2.67,4.396
2.68,4.403
2.69,4.449
2.7,4.407
2.71,4.299
2.72,4.327
2.73,4.304
2.74,4.779
2.75,4.483
2.76,4.346
2.77,4.502
2.78,4.296
2.79,4.69
2.8,4.381
2.81,4.571
2.82,4.672
2.83,4.586
2.84,4.558
2.85,4.562
2.86,4.568
2.87,4.505
2.88,4.541
2.89,4.846
2.9,4.624
2.91,4.538
2.92,4.595
2.93,4.853
2.94,4.805
2.95,4.804
2.96,4.697
2.97,4.838
2.98,4.671
2.99,4.745
3.0,4.945
3.01,4.947
3.02,4.685
3.03,4.72
3.04,4.88
3.05,5.139
3.06,4.609
3.07,4.954
3.08,4.722
3.09,4.849
3.1,4.905
3.11,4.913
3.12,4.912
3.13,5.009
3.14,4.944
3.15,4.821
3.16,5.173
3.17,5.185
3.18,5.214
3.19,4.873
3.2,5.165
3.21,5.237
3.22,4.997
3.23,5.169
3.24,5.167
3.25,5.476
3.26,5.505
3.27,4.982
3.28,5.622
3.29,5.127
3.3,5.427
3.31,5.442
3.32,5.163
3.33,5.402
3.34,5.328
3.35,5.443
3.36,5.411
3.37,5.571
3.38,5.419
3.39,5.399
3.4,5.604
3.41,5.543
3.42,5.582
3.43,5.388
3.44,5.347
3.45,5.435
3.46,5.443
3.47,5.67
3.48,5.714
3.49,5.561
3.5,5.815
3.51,5.821
3.52,5.669
3.53,5.525
3.54,5.9
3.55,5.671
3.56,5.715
3.57,5.661
3.58,5.595
3.59,5.524
3.6,5.855
3.61,5.658
3.62,6.251
3.63,5.645
3.64,5.635
3.65,5.917
3.66,6.085
3.67,5.882
3.68,5.974
3.69,5.627
3.7,5.818
3.71,5.775
3.72,5.668
3.73,5.986
3.74,5.648
3.75,5.802
3.76,5.935
3.77,5.907
3.78,6.107
3.79,6.11
3.8,6.214
3.81,6.209
3.82,6.283
3.83,6.128
3.84,6.19
3.85,6.237
3.86,6.197
3.87,6.132
3.88,6.158
3.89,6.101
3.9,6.303
3.91,6.242
3.92,6.173
3.93,6.189
3.94,6.122
3.95,6.467
3.96,6.348
3.97,6.223
3.98,6.489
3.99,6.3
4.0,6.189
4.01,6.569
4.02,6.351
4.03,6.387
4.04,6.47
4.05,6.651
4.06,6.499
4.07,6.332
4.08,6.61
4.09,6.471
4.1,6.843
4.11,6.576
4.12,6.257
4.13,6.662
4.14,6.916
4.15,6.876
4.16,6.931
4.17,6.519
4.18,6.825
4.19,6.596
4.2,6.754
4.21,6.545
4.22,6.655
4.23,6.667
4.24,6.919
4.25,6.92
4.26,6.858
4.27,6.629
4.28,6.801
4.29,6.752
4.3,7.01
4.31,7.073
4.32,7.07
4.33,6.815
4.34,6.533
4.35,6.695
4.36,7.189
4.37,6.932
4.38,6.895
4.39,7.27
4.4,7.23
4.41,7.06
4.42,7.028
4.43,7.068
4.44,7.138
4.45,7.36
4.46,7.199
4.47,7.261
4.48,7.343
4.49,7.009
4.5,7.313
4.51,7.172
4.52,6.855
4.53,6.929
4.54,7.111
4.55,7.36
4.56,7.313
4.57,7.34
4.58,7.621
4.59,7.154
4.6,7.356
4.61,7.422
4.62,7.282
4.63,7.412
4.64,7.184
4.65,7.651
4.66,7.354
4.67,7.777
4.68,7.483
4.69,7.658
4.7,7.512
4.71,7.531
4.72,7.464
4.73,7.586
4.74,7.632
4.75,7.482
4.76,7.597
4.77,7.54
4.78,7.993
4.79,7.651
4.8,7.912
4.81,7.667
4.82,7.751
4.83,7.53
4.84,7.677
4.85,7.792
4.86,8.014
4.87,7.825
4.88,8.016
4.89,7.92
4.9,8.084
4.91,7.847
4.92,8.231
4.93,7.815
4.94,7.789
4.95,7.738
4.96,8.286
4.97,8.075
4.98,7.918
4.99,8.171
5.0,8.103
5.01,8.295
5.02,7.768
5.03,7.96
5.04,7.931
5.05,7.704
5.06,8.159
5.07,7.959
5.08,8.111
5.09,8.354
5.1,7.947
5.11,7.937
5.12,8.018
5.13,8.148
5.14,7.915
5.15,7.905
5.16,8.159
5.17,8.057
5.18,7.693
5.19,7.816
5.2,8.225
5.21,8.06
5.22,7.886
5.23,7.974
5.24,8.002
5.25,8.11
5.26,7.796
5.27,7.874
5.28,8.041
5.29,7.985
5.3,8.086
5.31,7.816
5.32,8.054
5.33,8.164
5.34,8.073
5.35,8.021
5.36,7.986
5.37,7.875
5.38,7.989
5.39,8.189
5.4,7.982
5.41,7.867
5.42,7.926
5.43,8.03
5.44,7.944
5.45,8.073
5.46,8.078
5.47,8.133
5.48,8.214
5.49,8.149
5.5,7.86
5.51,7.864
5.52,7.989
5.53,7.932
5.54,7.829
5.55,7.934
5.56,7.929
5.57,7.899
5.58,7.953
5.59,8.177
5.6,8.03
5.61,8.371
5.62,8.026
5.63,7.956
5.64,8.001
5.65,8.038
5.66,8.065
5.67,8.312
5.68,7.873
5.69,8.129
5.7,8.031
5.71,7.764
5.72,8.116
5.73,8.19
5.74,7.871
5.75,7.999
5.76,7.741
5.77,7.811
5.78,8.157
5.79,7.93
5.8,7.834
5.81,8.034
5.82,7.922
5.83,7.929
5.84,8.111
5.85,7.826
5.86,7.864
5.87,8.023
5.88,8.145
5.89,8.186
5.9,7.9
5.91,8.141
5.92,7.882
5.93,8.274
5.94,7.83
5.95,8.199
5.96,7.902
5.97,8.302
5.98,8.089
5.99,7.848
6.0,7.922
6.01,8.117
6.02,8.158
6.03,7.989
6.04,8.007
6.05,8.114
6.06,8.02
6.07,7.806
6.08,7.878
6.09,8.035
6.1,8.182
6.11,8.242
6.12,8.117
6.13,8.043
6.14,8.112
6.15,7.9
6.16,7.977
6.17,7.876
6.18,7.813
6.19,8.05
6.2,8.028
6.21,8.103
6.22,8.082
6.23,8.036
6.24,8.083
6.25,7.994
6.26,8.062
6.27,7.891
6.28,8.055
6.29,8.1
6.3,7.9
6.31,8.008
6.32,7.906
6.33,7.921
6.34,7.831
6.35,8.19
6.36,8.16
6.37,8.081
6.38,8.296
6.39,7.972
6.4,8.455
6.41,7.966
6.42,8.038
6.43,7.94
6.44,8.056
6.45,8.125
6.46,7.983
6.47,8.267
6.48,8.036
6.49,8.041
6.5,7.864
6.51,8.063
6.52,7.98
6.53,7.909
6.54,7.884
6.55,8.401
6.56,7.96
6.57,7.781
6.58,7.895
6.59,7.992
6.6,8.082
6.61,8.083
6.62,8.101
6.63,7.903
6.64,8.051
6.65,7.869
6.66,7.907
6.67,7.862
6.68,7.822
6.69,8.16
6.7,8.103
6.71,8.146
6.72,8.006
6.73,8.117
6.74,7.736
6.75,8.129
6.76,8.027
6.77,8.094
6.78,8.057
6.79,7.852
6.8,7.775
6.81,7.893
6.82,8.085
6.83,8.104
6.84,7.795
6.85,7.853
6.86,7.892
6.87,7.946
6.88,7.796
6.89,7.787
6.9,7.877
6.91,8.013
6.92,7.823
6.93,7.983
6.94,8.159
6.95,7.805
6.96,7.969
6.97,8.154
6.98,7.937
6.99,7.914
7.0,8.175
7.01,7.954
7.02,8.166
7.03,8.064
7.04,7.949
7.05,8.072
7.06,8.048
7.07,8.153
7.08,7.918
7.09,8.006
7.1,7.991
7.11,8.106
7.12,7.846
7.13,8.153
7.14,8.07
7.15,7.802
7.16,8.181
7.17,8.335
7.18,8.15
7.19,8.214
7.2,8.013
7.21,7.751
7.22,7.723
7.23,8.038
7.24,7.911
7.25,7.863
7.26,7.991
7.27,8.092
7.28,7.782
7.29,7.933
7.3,8.226
7.31,7.839
7.32,8.13
7.33,7.927
7.34,8.082
7.35,8.165
7.36,8.111
7.37,8.136
7.38,7.827
7.39,8.167
7.4,7.872
7.41,8.039
7.42,8.039
7.43,8.073
7.44,8.051
7.45,7.873
7.46,7.798
7.47,8.131
7.48,8.028
7.49,8.172
7.5,7.993
7.51,7.789
7.52,8.145
7.53,7.944
7.54,8.051
7.55,7.903
7.56,8.247
7.57,7.869
7.58,7.949
7.59,8.016
7.6,7.836
7.61,8.05
7.62,8.242
7.63,7.926
7.64,8.059
7.65,7.588
7.66,7.994
7.67,7.953
7.68,7.877
7.69,8.162
7.7,7.951
7.71,7.973
7.72,7.943
7.73,7.712
7.74,7.83
7.75,8.144
7.76,7.684
7.77,7.885
7.78,7.94
7.79,8.262
7.8,8.115
7.81,7.916
7.82,8.196
7.83,7.889
7.84,8.151
7.85,7.796
7.86,8.161
7.87,7.939
7.88,7.846
7.89,7.967
7.9,8.042
7.91,7.926
7.92,8.083
7.93,7.913
7.94,8.093
7.95,8.066
7.96,7.991
7.97,7.934
7.98,8.023
7.99,8.083
8.0,8.309
8.01,8.141
8.02,8.146
8.03,8.463
8.04,8.077
8.05,8.073
8.06,8.106
8.07,7.849
8.08,7.933
8.09,7.924
8.1,8.097
8.11,7.974
8.12,8.021
8.13,8.163
8.14,8.129
8.15,7.976
8.16,7.9
8.17,8.17
8.18,8.116
8.19,7.759
8.2,7.953
8.21,8.025
8.22,8.117
8.23,8.137
8.24,8.043
8.25,8.088
8.26,8.01
8.27,7.899
8.28,7.961
8.29,8.003
8.3,7.995
8.31,7.717
8.32,7.94
8.33,8.008
8.34,7.958
8.35,7.963
8.36,8.073
8.37,7.838
8.38,7.756
8.39,7.948
8.4,8.115
8.41,8.253
8.42,8.117
8.43,7.78
8.44,7.965
8.45,8.038
8.46,8.027
8.47,8.081
8.48,7.862
8.49,8.01
8.5,8.063
8.51,8.124
8.52,7.879
8.53,7.948
8.54,7.594
8.55,7.907
8.56,7.921
8.57,7.847
8.58,8.025
8.59,7.992
8.6,7.661
8.61,8.032
8.62,7.861
8.63,8.073
8.64,7.808
8.65,8.005
8.66,7.958
8.67,8.045
8.68,8.019
8.69,7.962
8.7,7.77
8.71,7.778
8.72,7.912
8.73,7.999
8.74,7.909
8.75,8.094
8.76,7.958
8.77,7.855
8.78,7.958
8.79,8.034
8.8,8.049
8.81,8.282
8.82,7.9
8.83,7.989
8.84,8.064
8.85,7.996
8.86,7.925
8.87,7.768
8.88,7.923
8.89,7.839
8.9,7.741
8.91,7.881
8.92,7.843
8.93,8.088
8.94,8.09
8.95,7.864
8.96,7.961
8.97,7.721
8.98,7.926
8.99,8.06
9.0,8.124
9.01,7.893
9.02,8.158
9.03,7.773
9.04,7.813
9.05,8.106
9.06,8.251
9.07,8.074
9.08,7.994
9.09,7.671
9.1,7.697
9.11,8.019
9.12,7.946
9.13,7.834
9.14,8.01
9.15,8.017
9.16,8.142
9.17,8.02
9.18,8.184
9.19,8.001
9.2,7.983
9.21,8.16
9.22,7.853
9.23,8.422
9.24,8.056
9.25,8.057
9.26,8.079
9.27,8.282
9.28,8.119
9.29,7.759
9.3,8.211
9.31,7.949
9.32,8.016
9.33,7.808
9.34,8.079
9.35,7.902
9.36,8.015
9.37,7.957
9.38,8.289
9.39,8.297
9.4,8.007
9.41,8.01
9.42,7.944
9.43,8.166
9.44,7.951
9.45,7.937
9.46,8.147
9.47,7.919
9.48,7.994
9.49,7.763
9.5,8.106
9.51,8.291
9.52,8.108
9.53,8.219
9.54,7.873
9.55,8.035
9.56,7.859
9.57,7.966
9.58,8.116
9.59,8.015
9.6,7.788
9.61,7.803
9.62,7.793
9.63,8.074
9.64,8.31
9.65,8.204
9.66,7.716
9.67,8.213
9.68,8.14
9.69,7.768
9.7,7.955
9.71,8.164
9.72,8.083
9.73,7.804
9.74,8.092
9.75,7.679
9.76,7.967
9.77,8.171
9.78,8.003
9.79,7.925
9.8,8.133
9.81,8.146
9.82,8.197
9.83,8.131
9.84,8.162
9.85,8.11
9.86,8.04
9.87,8.013
9.88,7.964
9.89,7.818
9.9,7.857
9.91,7.958
9.92,8.036
9.93,8.216
9.94,7.994
9.95,8.151
9.96,8.162
9.97,7.965
9.98,8.089
9.99,7.963
10.0,8.198
10.01,8.095
10.02,7.821
10.03,8.024
10.04,8.247
10.05,7.973
10.06,8.067
10.07,8.082
10.08,7.845
10.09,8.077
10.1,7.791
10.11,7.906
10.12,8.161
10.13,8.054
10.14,7.954
10.15,8.067
10.16,7.991
10.17,8.002
10.18,8.099
10.19,7.891
10.2,8.006
10.21,7.953
10.22,7.762
10.23,7.862
10.24,8.235
10.25,8.058
10.26,7.801
10.27,7.769
10.28,7.983
10.29,8.234
10.3,7.972
10.31,8.196
10.32,8.053
10.33,8.071
10.34,7.8
10.35,8.141
10.36,7.95
10.37,8.129
10.38,7.878
10.39,8.027
10.4,8.053
10.41,7.977
10.42,8.061
10.43,7.96
10.44,7.903
10.45,8.241
10.46,8.157
10.47,7.886
10.48,8.085
10.49,7.889
10.5,7.822
10.51,8.155
10.52,7.744
10.53,8.139
10.54,7.962
10.55,7.968
10.56,8.061
10.57,8.087
10.58,7.876
10.59,8.108
10.6,8.017
10.61,7.812
10.62,7.975
10.63,8.207
10.64,8.251
10.65,8.108
10.66,7.821
10.67,8.074
10.68,8.128
10.69,8.109
10.7,8.118
10.71,8.054
10.72,7.989
10.73,7.909
10.74,7.715
10.75,8.051
10.76,8.028
10.77,8.084
10.78,7.799
10.79,8.097
10.8,8.308
10.81,8.012
10.82,7.991
10.83,8.046
10.84,8.305
10.85,7.846
10.86,8.03
10.87,7.88
10.88,7.918
10.89,7.993
10.9,8.202
10.91,8.27
10.92,8.067
10.93,7.944
10.94,8.374
10.95,7.936
10.96,7.914
10.97,7.734
10.98,8.209
10.99,8.145
11.0,8.363
11.01,7.792
11.02,8.219
11.03,8.011
11.04,8.121
11.05,7.753
11.06,8.22
11.07,8.118
11.08,7.994
11.09,8.097
11.1,7.885
11.11,7.913
11.12,7.93
11.13,7.722
11.14,8.129
11.15,8.179
11.16,7.895
11.17,8.052
11.18,7.96
11.19,8.049
11.2,7.906
11.21,7.867
11.22,8.158
11.23,7.99
11.24,8.303
11.25,8.007
11.26,7.861
11.27,8.184
11.28,8.095
11.29,8.109
11.3,8.179
11.31,7.902
11.32,7.981
11.33,7.974
11.34,7.806
11.35,7.96
11.36,8.2
11.37,8.036
11.38,7.798
11.39,7.767
11.4,8.25
11.41,7.986
11.42,7.903
11.43,7.959
11.44,7.778
11.45,8.213
11.46,7.941
11.47,8.205
11.48,8.008
11.49,8.214
11.5,8.039
11.51,8.128
11.52,8.108
11.53,8.093
11.54,8.052
11.55,7.965
11.56,8.287
11.57,7.864
11.58,8.001
11.59,8.002
11.6,8.06
11.61,7.936
11.62,8.047
11.63,7.975
11.64,7.763
11.65,8.001
11.66,7.835
11.67,7.74
11.68,8.021
11.69,8.073
11.7,8.079
11.71,8.085
11.72,7.71
11.73,7.796
11.74,8.296
11.75,7.843
11.76,8.092
11.77,7.897
11.78,8.012
11.79,7.905
11.8,8.084
11.81,8.021
11.82,7.933
11.83,7.842
11.84,8.04
11.85,7.818
11.86,8.064
11.87,8.394
11.88,8.203
11.89,8.108
11.9,7.987
11.91,7.709
11.92,7.802
11.93,8.192
11.94,7.882
11.95,7.895
11.96,7.975
11.97,7.841
11.98,7.816
11.99,7.992
12.0,7.866
12.01,7.889
12.02,7.883
12.03,8.078
12.04,7.965
12.05,7.973
12.06,8.09
12.07,7.979
12.08,7.958
12.09,8.071
12.1,8.1
12.11,7.978
12.12,8.012
12.13,7.883
12.14,7.871
12.15,8.115
12.16,8.067
12.17,8.068
12.18,8.042
12.19,8.007
12.2,8.104
12.21,8.14
12.22,8.137
12.23,7.985
12.24,8.208
12.25,8.034
12.26,8.095
12.27,8.042
12.28,8.037
12.29,7.89
12.3,8.105
12.31,8.427
12.32,7.944
12.33,8.011
12.34,7.933
12.35,7.927
12.36,8.232
12.37,7.899
12.38,7.929
12.39,7.762
12.4,7.886
12.41,7.744
12.42,8.095
12.43,8.42
12.44,7.945
12.45,7.75
12.46,8.135
12.47,7.891
12.48,8.195
12.49,7.958
12.5,7.905
12.51,7.973
12.52,8.114
12.53,7.966
12.54,7.925
12.55,7.97
12.56,7.809
12.57,8.06
12.58,7.732
12.59,7.933
12.6,8.114
12.61,8.045
12.62,8.089
12.63,7.99
12.64,8.175
12.65,8.139
12.66,8.067
12.67,8.139
12.68,8.113
12.69,7.934
12.7,7.798
12.71,8.063
12.72,8.082
12.73,8.164
12.74,7.86
12.75,7.864
12.76,8.069
12.77,7.989
12.78,7.717
12.79,8.056
12.8,7.722
12.81,7.858
12.82,8.203
12.83,8.274
12.84,7.818
12.85,7.951
12.86,8.006
12.87,8.267
12.88,7.926
12.89,7.928
12.9,8.232
12.91,7.944
12.92,8.108
12.93,7.778
12.94,7.974
12.95,7.751
12.96,7.842
12.97,8.126
12.98,7.993
12.99,7.952
13.0,7.888
13.01,7.967
13.02,8.045
13.03,8.147
13.04,7.606
13.05,7.875
13.06,8.024
13.07,7.985
13.08,8.061
13.09,8.04
13.1,7.954
13.11,7.921
13.12,7.963
13.13,8.172
13.14,7.89
13.15,7.991
13.16,8.028
13.17,8.234
13.18,7.955
13.19,8.144
13.2,8.185
13.21,7.99
13.22,7.968
13.23,7.951
13.24,7.962
13.25,8.128
13.26,8.035
13.27,8.035
13.28,7.831
13.29,7.855
13.3,8.322
13.31,7.973
13.32,7.884
13.33,8.215
13.34,8.042
13.35,8.087
13.36,7.979
13.37,7.952
13.38,7.975
13.39,7.793
13.4,7.987
13.41,8.044
13.42,8.278
13.43,8.013
13.44,7.65
13.45,7.986
13.46,8.411
13.47,8.13
13.48,7.878
13.49,8.089
13.5,7.889
13.51,7.797
13.52,7.948
13.53,8.014
13.54,7.719
13.55,7.828
13.56,8.002
13.57,7.939
13.58,8.059
13.59,7.818
13.6,8.107
13.61,7.822
13.62,8.246
13.63,7.743
13.64,7.836
13.65,8.063
13.66,8.25
13.67,8.047
13.68,8.084
13.69,8.003
13.7,7.846
13.71,7.926
13.72,7.818
13.73,7.808
13.74,8.06
13.75,7.832
13.76,8.048
13.77,7.805
13.78,8.044
13.79,7.927
13.8,8.211
13.81,8.049
13.82,8.185
13.83,7.887
13.84,8.008
13.85,7.853
13.86,7.938
13.87,7.961
13.88,7.891
13.89,7.818
13.9,7.788
13.91,7.649
13.92,7.842
13.93,8.094
13.94,7.76
13.95,7.795
13.96,8.269
13.97,7.905
13.98,8.048
13.99,8.096
14.0,8.099
14.01,7.772
14.02,7.965
14.03,7.757
14.04,8.367
14.05,7.761
14.06,7.843
14.07,7.844
14.08,7.776
14.09,8.203
14.1,8.363
14.11,7.929
14.12,7.802
14.13,7.664
14.14,7.963
14.15,7.953
14.16,7.902
14.17,8.033
14.18,8.059
14.19,8.048
14.2,7.953
14.21,7.835
14.22,8.1
14.23,8.002
14.24,8.133
14.25,8.119
14.26,7.787
14.27,7.785
14.28,7.887
14.29,7.842
14.3,8.113
14.31,8.053
14.32,8.165
14.33,8.059
14.34,8.031
14.35,8.18
14.36,8.07
14.37,8.01
14.38,8.222
14.39,8.017
14.4,7.954
14.41,7.874
14.42,8.105
14.43,8.186
14.44,7.992
14.45,8.196
14.46,7.704
14.47,7.992
14.48,7.994
14.49,7.891
14.5,8.358
14.51,7.99
14.52,7.939
14.53,8.004
14.54,7.7
14.55,7.886
14.56,8.147
14.57,7.906
14.58,7.876
14.59,8.196
14.6,8.201
14.61,8.078
14.62,7.932
14.63,7.964
14.64,7.879
14.65,7.851
14.66,7.843
14.67,7.907
14.68,7.845
14.69,7.765
14.7,8.033
14.71,8.035
14.72,8.255
14.73,7.9
14.74,8.044
14.75,8.047
14.76,7.962
14.77,8.112
14.78,8.116
14.79,8.049
14.8,7.962
14.81,7.946
14.82,7.795
14.83,7.879
14.84,7.907
14.85,7.831
14.86,8.066
14.87,8.179
14.88,7.864
14.89,8.043
14.9,7.845
14.91,7.954
14.92,7.896
14.93,8.09
14.94,7.898
14.95,8.152
14.96,7.963
14.97,7.903
14.98,7.812
14.99,8.038
15.0,8.134
15.01,8.041
15.02,8.336
15.03,8.214
15.04,7.954
15.05,7.952
15.06,8.07
15.07,7.874
15.08,8.175
15.09,8.054
15.1,8.038
15.11,8.103
15.12,8.258
15.13,8.026
15.14,7.983
15.15,8.226
15.16,8.145
15.17,7.952
15.18,8.001
15.19,8.029
15.2,8.054
15.21,7.797
15.22,7.769
15.23,7.867
15.24,7.855
15.25,7.903
15.26,8.095
15.27,7.975
15.28,8.029
15.29,7.816
15.3,7.931
15.31,8.088
15.32,8.089
15.33,7.891
15.34,8.024
15.35,8.33
15.36,7.997
15.37,7.896
15.38,7.974
15.39,8.014
15.4,7.977
15.41,7.995
15.42,7.783
15.43,7.856
15.44,7.978
15.45,7.975
15.46,7.915
15.47,7.973
15.48,8.009
15.49,8.133
15.5,7.985
15.51,8.06
15.52,7.919
15.53,8.086
15.54,8.056
15.55,8.13
15.56,8.107
15.57,8.088
15.58,7.985
15.59,8.037
15.6,8.16
15.61,7.902
15.62,7.906
15.63,8.027
15.64,8.062
15.65,7.876
15.66,7.989
15.67,7.986
15.68,7.668
15.69,7.967
15.7,7.976
15.71,7.976
15.72,8.212
15.73,7.818
15.74,7.876
15.75,7.608
15.76,7.928
15.77,7.941
15.78,7.924
15.79,8.166
15.8,8.129
15.81,8.012
15.82,7.944
15.83,8.154
15.84,7.997
15.85,7.877
15.86,7.743
15.87,7.934
15.88,8.113
15.89,8.341
15.9,8.009
15.91,7.885
15.92,7.822
15.93,8.083
15.94,7.735
15.95,8.083
15.96,8.123
15.97,8.065
15.98,7.967
15.99,8.085
16.0,8.026
16.01,7.883
16.02,8.278
16.03,7.947
16.04,8.116
16.05,7.637
16.06,8.191
16.07,8.22
16.08,8.004
16.09,8.084
16.1,8.084
16.11,7.904
16.12,8.082
16.13,7.879
16.14,7.909
16.15,8.169
16.16,8.146
16.17,7.894
16.18,7.89
16.19,7.903
16.2,8.11
16.21,7.85
16.22,8.054
16.23,8.112
16.24,7.987
16.25,8.152
16.26,7.954
16.27,7.968
16.28,7.853
16.29,8.153
16.3,7.885
16.31,8.052
16.32,7.989
16.33,7.842
16.34,7.909
16.35,8.207
16.36,8.03
16.37,7.849
16.38,8.046
16.39,7.978
16.4,8.518
16.41,8.043
16.42,7.943
16.43,8.213
16.44,7.724
16.45,8.014
16.46,8.299
16.47,7.983
16.48,7.74
16.49,7.941
16.5,8.218
16.51,8.056
16.52,7.874
16.53,7.897
16.54,7.916
16.55,8.054
16.56,8.201
16.57,8.158
16.58,8.068
16.59,7.8
16.6,7.801
16.61,8.08
16.62,7.798
16.63,7.966
16.64,8.046
16.65,7.829
16.66,7.846
16.67,7.986
16.68,8.076
16.69,8.159
16.7,8.091
16.71,8.011
16.72,7.888
16.73,7.839
16.74,7.923
16.75,8.061
16.76,8.05
16.77,7.685
16.78,7.882
16.79,8.181
16.8,8.012
16.81,7.787
16.82,8.353
16.83,7.996
16.84,8.058
16.85,8.06
16.86,7.945
16.87,7.891
16.88,8.318
16.89,8.15
16.9,8.123
16.91,8.086
16.92,7.85
16.93,8.192
16.94,7.874
16.95,8.042
16.96,7.754
16.97,7.694
16.98,8.048
16.99,7.879
17.0,7.702
17.01,8.081
17.02,8.318
17.03,8.208
17.04,7.961
17.05,8.001
17.06,8.133
17.07,8.168
17.08,7.948
17.09,8.005
17.1,8.045
17.11,8.083
17.12,7.98
17.13,7.982
17.14,8.207
17.15,8.181
17.16,8.072
17.17,8.258
17.18,7.942
17.19,8.243
17.2,8.081
17.21,8.491
17.22,7.821
17.23,7.897
17.24,8.063
17.25,8.06
17.26,8.293
17.27,7.9
17.28,8.136
17.29,8.174
17.3,8.106
17.31,7.856
17.32,8.211
17.33,8.184
17.34,8.09
17.35,8.031
17.36,8.034
17.37,7.988
17.38,8.096
17.39,8.005
17.4,7.873
17.41,7.843
17.42,7.887
17.43,8.033
17.44,7.996
17.45,8.032
17.46,8.075
17.47,7.906
17.48,8.22
17.49,7.96
17.5,7.935
17.51,8.072
17.52,7.725
17.53,7.881
17.54,8.147
17.55,7.739
17.56,8.168
17.57,8.227
17.58,7.945
17.59,8.044
17.6,8.168
17.61,7.93
17.62,8.13
17.63,7.899
17.64,7.928
17.65,7.88
17.66,8.051
17.67,8.174
17.68,7.972
17.69,7.809
17.7,7.838
17.71,8.059
17.72,8.277
17.73,8.059
17.74,7.942
17.75,8.115
17.76,7.964
17.77,7.943
17.78,7.856
17.79,8.211
17.8,7.619
17.81,8.12
17.82,7.93
17.83,7.938
17.84,8.254
17.85,7.893
17.86,7.898
17.87,7.98
17.88,8.062
17.89,7.934
17.9,7.764
17.91,7.87
17.92,8.192
17.93,8.011
17.94,8.068
17.95,7.961
17.96,7.901
17.97,8.252
17.98,7.972
17.99,7.933
18.0,8.164
18.01,7.892
18.02,7.911
18.03,8.002
18.04,8.0
18.05,8.039
18.06,8.314
18.07,8.05
18.08,7.643
18.09,8.049
18.1,8.006
18.11,8.007
18.12,8.037
18.13,7.996
18.14,7.992
18.15,8.092
18.16,7.919
18.17,7.858
18.18,8.454
18.19,7.893
18.2,8.015
18.21,7.776
18.22,8.017
18.23,7.86
18.24,7.934
18.25,8.157
18.26,8.071
18.27,8.085
18.28,7.734
18.29,8.276
18.3,7.821
18.31,8.229
18.32,8.153
18.33,8.087
18.34,7.872
18.35,8.023
18.36,7.929
18.37,8.004
18.38,7.963
18.39,7.694
18.4,8.168
18.41,7.988
18.42,7.927
18.43,7.916
18.44,8.054
18.45,7.866
18.46,7.662
18.47,8.061
18.48,8.078
18.49,7.97
18.5,7.828
18.51,8.013
18.52,7.78
18.53,7.846
18.54,7.887
18.55,8.127
18.56,7.946
18.57,7.933
18.58,8.293
18.59,8.053
18.6,8.051
18.61,7.945
18.62,7.911
18.63,7.672
18.64,8.145
18.65,8.067
18.66,7.973
18.67,7.979
18.68,8.11
18.69,7.767
18.7,7.912
18.71,7.83
18.72,8.266
18.73,8.131
18.74,7.67
18.75,7.773
18.76,7.98
18.77,7.929
18.78,7.801
18.79,8.292
18.8,8.047
18.81,8.071
18.82,7.896
18.83,8.108
18.84,7.943
18.85,7.957
18.86,8.092
18.87,7.756
18.88,8.24
18.89,8.027
18.9,8.192
18.91,7.839
18.92,7.862
18.93,7.826
18.94,8.038
18.95,8.01
18.96,7.93
18.97,7.848
18.98,7.81
18.99,7.993
19.0,7.93
19.01,7.897
19.02,8.232
19.03,7.988
19.04,8.191
19.05,7.92
19.06,8.037
19.07,7.992
19.08,7.745
19.09,8.214
19.1,7.98
19.11,8.112
19.12,7.887
19.13,7.975
19.14,7.87
19.15,8.185
19.16,8.047
19.17,8.055
19.18,8.204
19.19,8.173
19.2,8.115
19.21,7.787
19.22,7.896
19.23,7.849
19.24,8.109
19.25,8.026
19.26,7.791
19.27,7.972
19.28,7.776
19.29,7.992
19.3,7.752
19.31,8.079
19.32,8.057
19.33,8.286
19.34,8.127
19.35,7.937
19.36,8.123
19.37,7.79
19.38,7.856
19.39,8.05
19.4,7.676
19.41,7.994
19.42,7.847
19.43,8.015
19.44,7.838
19.45,8.064
19.46,8.003
19.47,8.21
19.48,8.001
19.49,7.885
19.5,7.963
19.51,7.798
19.52,8.061
19.53,8.088
19.54,8.37
19.55,7.907
19.56,7.96
19.57,7.914
19.58,8.032
19.59,8.057
19.6,7.992
19.61,8.163
19.62,7.907
19.63,8.148
19.64,8.081
19.65,7.998
19.66,7.953
19.67,8.364
19.68,7.877
19.69,8.045
19.7,7.887
19.71,8.268
19.72,8.133
19.73,7.898
19.74,8.077
19.75,8.039
19.76,7.923
19.77,8.114
19.78,8.058
19.79,8.032
19.8,7.994
19.81,8.065
19.82,8.034
19.83,8.009
19.84,7.904
19.85,8.254
19.86,7.842
19.87,8.064
19.88,7.952
19.89,8.264
19.9,7.864
19.91,7.89
19.92,7.855
19.93,8.049
19.94,7.794
19.95,7.928
19.96,7.677
19.97,8.036
19.98,7.925
19.99,7.777
20.0,8.163
20.01,7.804
20.02,8.12
20.03,7.895
20.04,8.24
20.05,8.112
20.06,7.849
20.07,7.862
20.08,8.091
20.09,7.961
20.1,7.975
20.11,8.191
20.12,7.888
20.13,8.014
20.14,8.143
20.15,8.121
20.16,7.976
20.17,7.957
20.18,7.739
20.19,7.842
20.2,8.048
20.21,7.979
20.22,8.011
20.23,8.156
20.24,7.822
20.25,7.965
20.26,8.028
20.27,7.894
20.28,8.215
20.29,8.136
20.3,8.044
20.31,8.269
20.32,7.775
20.33,7.999
20.34,8.055
20.35,7.863
20.36,8.045
20.37,7.834
20.38,8.104
20.39,8.159
20.4,8.041
20.41,7.722
20.42,7.855
20.43,8.085
20.44,8.003
20.45,7.596
20.46,8.186
20.47,8.02
20.48,7.877
20.49,8.149
20.5,7.898
20.51,7.897
20.52,8.054
20.53,8.267
20.54,8.244
20.55,8.054
20.56,8.069
20.57,8.119
20.58,7.811
20.59,8.097
20.6,7.89
20.61,8.048
20.62,7.966
20.63,8.075
20.64,8.018
20.65,7.539
20.66,8.027
20.67,8.096
20.68,8.067
20.69,7.985
20.7,8.246
20.71,8.047
20.72,8.066
20.73,8.157
20.74,8.054
20.75,7.865
20.76,7.634
20.77,7.928
20.78,8.114
20.79,7.947
20.8,8.12
20.81,8.022
20.82,8.193
20.83,7.956
20.84,8.07
20.85,8.076
20.86,8.225
20.87,7.744
20.88,7.931
20.89,8.127
20.9,8.232
20.91,8.036
20.92,7.956
20.93,8.114
20.94,8.13
20.95,7.946
20.96,8.05
20.97,8.177
20.98,8.284
20.99,8.111
21.0,8.007
21.01,7.992
21.02,8.084
21.03,7.983
21.04,8.028
21.05,7.841
21.06,8.195
21.07,7.829
21.08,7.935
21.09,8.015
21.1,8.299
21.11,7.937
21.12,7.9
21.13,7.917
21.14,8.249
21.15,7.578
21.16,7.85
21.17,8.41
21.18,8.089
21.19,7.834
21.2,7.994
21.21,8.01
21.22,8.127
21.23,8.276
21.24,8.058
21.25,7.919
21.26,8.118
21.27,7.895
21.28,7.845
21.29,7.736
21.3,7.765
21.31,7.866
21.32,7.823
21.33,8.047
21.34,7.82
21.35,7.528
21.36,7.843
21.37,7.929
21.38,7.909
21.39,8.228
21.4,7.908
21.41,8.132
21.42,7.997
21.43,7.994
21.44,7.875
21.45,7.991
21.46,7.885
21.47,8.026
21.48,7.965
21.49,7.858
21.5,8.149
21.51,8.064
21.52,7.933
21.53,8.022
21.54,7.987
21.55,7.87
21.56,8.011
21.57,7.907
21.58,7.858
21.59,7.757
21.6,7.946
21.61,8.085
21.62,7.896
21.63,8.378
21.64,8.133
21.65,8.196
21.66,8.119
21.67,8.278
21.68,7.882
21.69,7.616
21.7,7.933
21.71,8.084
21.72,8.023
21.73,8.041
21.74,8.198
21.75,8.057
21.76,8.12
21.77,7.859
21.78,7.836
21.79,8.242
21.8,8.015
21.81,7.907
21.82,7.907
21.83,7.903
21.84,7.894
21.85,7.808
21.86,7.775
21.87,7.971
21.88,7.911
21.89,8.166
21.9,8.044
21.91,8.04
21.92,7.889
21.93,7.982
21.94,8.054
21.95,8.107
21.96,7.986
21.97,8.162
21.98,8.001
21.99,8.119
22.0,7.927
22.01,7.728
22.02,8.04
22.03,8.109
22.04,8.086
22.05,8.063
22.06,7.948
22.07,7.879
22.08,8.083
22.09,8.064
22.1,7.916
22.11,8.166
22.12,7.868
22.13,7.912
22.14,8.245
22.15,8.13
22.16,7.946
22.17,8.043
22.18,8.023
22.19,7.588
22.2,7.864
22.21,7.992
22.22,7.947
22.23,8.037
22.24,8.169
22.25,7.952
22.26,7.841
22.27,8.049
22.28,7.951
22.29,7.977
22.3,7.956
22.31,8.336
22.32,7.664
22.33,7.942
22.34,7.999
22.35,7.883
22.36,8.135
22.37,8.122
22.38,7.993
22.39,7.959
22.4,7.983
22.41,7.984
22.42,7.988
22.43,7.972
22.44,8.038
22.45,8.113
22.46,7.815
22.47,7.842
22.48,7.738
22.49,8.13
22.5,8.038
22.51,8.076
22.52,7.786
22.53,8.268
22.54,7.909
22.55,8.025
22.56,8.128
22.57,7.852
22.58,7.918
22.59,8.027
22.6,8.429
22.61,8.045
22.62,8.241
22.63,8.181
22.64,8.055
22.65,7.852
22.66,8.159
22.67,7.775
22.68,8.24
22.69,8.03
22.7,7.602
22.71,7.949
22.72,8.098
22.73,7.964
22.74,8.107
22.75,7.872
22.76,7.804
22.77,7.989
22.78,8.005
22.79,7.948
22.8,8.184
22.81,7.872
22.82,8.047
22.83,8.01
22.84,7.766
22.85,7.802
22.86,8.002
22.87,8.297
22.88,8.087
22.89,7.741
22.9,7.533
22.91,8.11
22.92,7.986
22.93,8.171
22.94,7.868
22.95,8.053
22.96,8.127
22.97,7.933
22.98,7.936
22.99,8.004
23.0,8.081
23.01,7.998
23.02,8.146
23.03,7.931
23.04,7.801
23.05,8.297
23.06,7.909
23.07,7.915
23.08,7.99
23.09,8.01
23.1,7.942
23.11,7.997
23.12,7.994
23.13,8.026
23.14,7.646
23.15,8.282
23.16,7.978
23.17,8.087
23.18,7.793
23.19,7.929
23.2,7.899
23.21,8.22
23.22,7.912
23.23,8.114
23.24,7.902
23.25,7.932
23.26,7.963
23.27,8.193
23.28,7.717
23.29,7.803
23.3,7.708
23.31,7.837
23.32,7.878
23.33,7.758
23.34,7.89
23.35,7.698
23.36,7.847
23.37,8.18
23.38,8.061
23.39,8.028
23.4,7.85
23.41,7.77
23.42,7.829
23.43,7.994
23.44,8.13
23.45,8.135
23.46,8.095
23.47,7.889
23.48,8.004
23.49,7.952
23.5,7.97
23.51,8.306
23.52,7.736
23.53,7.965
23.54,8.182
23.55,7.78
23.56,7.903
23.57,7.921
23.58,7.967
23.59,7.761
23.6,8.089
23.61,8.1
23.62,8.076
23.63,7.869
23.64,8.013
23.65,7.865
23.66,7.95
23.67,8.323
23.68,8.014
23.69,7.822
23.7,8.027
23.71,7.797
23.72,7.82
23.73,7.844
23.74,7.933
23.75,8.141
23.76,8.087
23.77,8.078
23.78,7.835
23.79,7.919
23.8,8.041
23.81,7.906
23.82,7.958
23.83,8.066
23.84,7.948
23.85,8.034
23.86,8.239
23.87,7.974
23.88,8.177
23.89,8.084
23.9,7.78
23.91,7.835
23.92,7.875
23.93,7.872
23.94,7.986
23.95,8.092
23.96,8.188
23.97,8.046
23.98,7.933
23.99,7.688
24.0,8.011
24.01,8.004
24.02,8.027
24.03,8.316
24.04,8.186
24.05,8.118
24.06,7.856
24.07,7.923
24.08,7.986
24.09,7.884
24.1,8.075
24.11,8.054
24.12,7.837
24.13,8.18
24.14,8.015
24.15,7.741
24.16,7.992
24.17,8.042
24.18,8.146
24.19,7.949
24.2,8.124
24.21,8.028
24.22,7.803
24.23,7.788
24.24,8.168
24.25,8.179
24.26,8.048
24.27,8.224
24.28,8.158
24.29,8.103
24.3,7.863
24.31,8.26
24.32,8.08
24.33,7.942
24.34,7.9
24.35,8.039
24.36,7.749
24.37,8.105
24.38,7.857
24.39,8.056
24.4,7.922
24.41,7.96
24.42,7.886
24.43,7.976
24.44,8.283
24.45,8.208
24.46,8.053
24.47,7.996
24.48,8.127
24.49,8.169
24.5,7.876
24.51,7.988
24.52,7.727
24.53,8.168
24.54,8.31
24.55,8.012
24.56,7.681
24.57,8.091
24.58,7.864
24.59,7.9
24.6,8.094
24.61,8.038
24.62,7.927
24.63,7.903
24.64,8.019
24.65,7.939
24.66,7.834
24.67,7.95
24.68,8.051
24.69,7.973
24.7,7.788
24.71,8.148
24.72,7.589
24.73,7.933
24.74,7.907
24.75,8.022
24.76,8.084
24.77,8.169
24.78,7.893
24.79,8.088
24.8,8.029
24.81,7.743
24.82,8.285
24.83,7.784
24.84,8.063
24.85,8.058
24.86,8.041
24.87,7.926
24.88,8.124
24.89,7.766
24.9,7.99
24.91,7.915
24.92,7.898
24.93,8.064
24.94,8.162
24.95,7.949
24.96,8.117
24.97,8.007
24.98,7.866
24.99,7.961
25.0,7.955
25.01,7.896
25.02,8.064
25.03,8.035
25.04,7.761
25.05,7.752
25.06,8.064
25.07,7.878
25.08,8.045
25.09,8.117
25.1,7.809
25.11,7.788
25.12,8.251
25.13,8.053
25.14,7.937
25.15,7.86
25.16,7.923
25.17,7.821
25.18,8.133
25.19,7.883
25.2,8.164
25.21,7.94
25.22,7.843
25.23,7.936
25.24,7.606
25.25,7.982
25.26,7.974
25.27,8.124
25.28,7.717
25.29,8.174
25.3,8.123
25.31,8.188
25.32,7.992
25.33,8.152
25.34,7.779
25.35,8.107
25.36,7.884
25.37,7.752
25.38,7.831
25.39,8.001
25.4,7.876
25.41,8.056
25.42,7.729
25.43,7.681
25.44,8.206
25.45,8.136
25.46,7.843
25.47,8.0
25.48,8.153
25.49,8.063
25.5,8.022
25.51,8.164
25.52,7.89
25.53,8.005
25.54,7.997
25.55,7.959
25.56,7.942
25.57,8.011
25.58,8.005
25.59,7.843
25.6,8.12
25.61,7.854
25.62,7.967
25.63,7.956
25.64,8.054
25.65,7.682
25.66,8.134
25.67,7.898
25.68,8.183
25.69,7.928
25.7,7.993
25.71,8.287
25.72,7.958
25.73,8.186
25.74,8.006
25.75,8.062
25.76,8.01
25.77,8.127
25.78,7.897
25.79,7.852
25.8,7.904
25.81,8.015
25.82,7.967
25.83,8.107
25.84,8.196
25.85,7.854
25.86,7.89
25.87,7.785
25.88,8.305
25.89,8.046
25.9,8.072
25.91,7.799
25.92,8.0
25.93,8.076
25.94,7.962
25.95,8.161
25.96,8.347
25.97,7.858
25.98,7.847
25.99,7.868
26.0,8.241
26.01,8.156
26.02,7.98
26.03,8.005
26.04,7.878
26.05,8.134
26.06,7.943
26.07,7.961
26.08,8.091
26.09,7.972
26.1,7.965
26.11,8.002
26.12,8.119
26.13,8.247
26.14,8.088
26.15,8.12
26.16,7.97
26.17,7.894
26.18,8.098
26.19,8.026
26.2,7.787
26.21,7.951
26.22,7.988
26.23,7.923
26.24,8.222
26.25,8.072
26.26,8.206
26.27,8.04
26.28,8.012
26.29,7.86
26.3,8.002
26.31,8.002
26.32,7.795
26.33,7.919
26.34,7.952
26.35,8.062
26.36,8.069
26.37,7.913
26.38,8.07
26.39,7.973
26.4,7.57
26.41,7.927
26.42,8.162
26.43,7.748
26.44,8.017
26.45,8.238
26.46,7.886
26.47,8.0
26.48,7.804
26.49,8.244
26.5,7.988
26.51,8.007
26.52,8.203
26.53,8.099
26.54,7.869
26.55,7.903
26.56,8.074
26.57,7.906
26.58,7.682
26.59,7.992
26.6,7.778
26.61,8.242
26.62,8.027
26.63,7.864
26.64,7.895
26.65,7.717
26.66,7.835
26.67,8.152
26.68,8.335
26.69,8.109
26.7,7.986
26.71,7.935
26.72,7.857
26.73,8.309
26.74,7.972
26.75,8.317
26.76,8.209
26.77,7.739
26.78,7.9
26.79,7.9
26.8,7.988
26.81,7.991
26.82,8.449
26.83,7.838
26.84,8.034
26.85,8.092
26.86,8.0
26.87,8.017
26.88,7.843
26.89,8.016
26.9,8.077
26.91,8.049
26.92,8.086
26.93,8.212
26.94,8.141
26.95,8.011
26.96,7.824
26.97,7.91
26.98,7.967
26.99,8.038
27.0,7.928
27.01,7.86
27.02,7.822
27.03,7.752
27.04,7.965
27.05,7.78
27.06,7.85
27.07,7.941
27.08,7.8
27.09,8.057
27.1,8.111
27.11,7.918
27.12,7.934
27.13,8.081
27.14,7.893
27.15,7.883
27.16,8.179
27.17,8.133
27.18,8.09
27.19,8.139
27.2,7.703
27.21,8.203
27.22,8.059
27.23,8.152
27.24,8.058
27.25,8.007
27.26,7.959
27.27,8.055
27.28,7.953
27.29,8.13
27.3,7.762
27.31,7.919
27.32,8.307
27.33,7.906
27.34,7.964
27.35,7.868
27.36,8.05
27.37,7.89
27.38,7.972
27.39,8.127
27.4,7.895
27.41,8.118
27.42,8.123
27.43,8.158
27.44,8.021
27.45,8.486
27.46,8.158
27.47,8.049
27.48,7.869
27.49,7.985
27.5,8.214
27.51,8.256
27.52,8.222
27.53,8.118
27.54,7.812
27.55,8.073
27.56,7.814
27.57,7.777
27.58,8.036
27.59,8.078
27.6,8.136
27.61,8.075
27.62,8.08
27.63,7.852
27.64,7.984
27.65,7.774
27.66,7.699
27.67,8.111
27.68,7.887
27.69,8.131
27.7,8.166
27.71,7.907
27.72,8.089
27.73,7.901
27.74,7.723
27.75,8.018
27.76,7.929
27.77,7.934
27.78,8.296
27.79,7.771
27.8,8.057
27.81,7.851
27.82,8.136
27.83,8.045
27.84,8.057
27.85,7.858
27.86,7.885
27.87,8.139
27.88,8.266
27.89,8.072
27.9,7.865
27.91,8.051
27.92,8.364
27.93,8.015
27.94,8.219
27.95,7.889
27.96,7.994
27.97,8.093
27.98,8.06
27.99,7.885
28.0,7.879
28.01,8.148
28.02,8.179
28.03,8.227
28.04,8.271
28.05,8.02
28.06,7.953
28.07,8.203
28.08,8.107
28.09,7.853
28.1,7.845
28.11,8.074
28.12,7.973
28.13,7.996
28.14,8.161
28.15,8.114
28.16,8.199
28.17,7.71
28.18,8.038
28.19,8.104
28.2,7.771
28.21,7.902
28.22,7.874
28.23,8.003
28.24,8.244
28.25,8.303
28.26,7.878
28.27,8.079
28.28,8.084
28.29,8.058
28.3,8.06
28.31,8.046
28.32,8.253
28.33,8.165
28.34,7.841
28.35,8.119
28.36,8.134
28.37,8.047
28.38,8.17
28.39,8.028
28.4,8.03
28.41,8.018
28.42,7.697
28.43,7.988
28.44,7.9
28.45,7.822
28.46,8.215
28.47,8.076
28.48,7.996
28.49,7.915
28.5,8.044
28.51,8.149
28.52,7.876
28.53,7.999
28.54,8.13
28.55,7.71
28.56,7.991
28.57,7.936
28.58,7.98
28.59,7.925
28.6,8.021
28.61,8.289
28.62,7.951
28.63,8.044
28.64,8.299
28.65,7.917
28.66,8.272
28.67,8.001
28.68,8.267
28.69,8.113
28.7,8.046
28.71,7.99
28.72,7.906
28.73,8.011
28.74,8.135
28.75,7.998
28.76,7.953
28.77,7.962
28.78,8.149
28.79,8.184
28.8,7.9
28.81,7.9
28.82,8.057
28.83,8.229
28.84,8.172
28.85,7.812
28.86,7.96
28.87,7.86
28.88,7.96
28.89,8.241
28.9,7.787
28.91,7.757
28.92,7.876
28.93,8.043
28.94,8.093
28.95,8.066
28.96,8.176
28.97,7.736
28.98,8.178
28.99,7.953
29.0,8.11
29.01,7.801
29.02,8.001
29.03,8.035
29.04,8.173
29.05,7.762
29.06,8.005
29.07,7.837
29.08,8.076
29.09,8.117
29.1,8.193
29.11,7.92
29.12,8.139
29.13,8.204
29.14,7.754
29.15,8.092
29.16,8.144
29.17,7.961
29.18,7.818
29.19,8.141
29.2,7.82
29.21,7.973
29.22,7.994
29.23,8.107
29.24,7.906
29.25,7.897
29.26,8.015
29.27,8.151
29.28,8.343
29.29,7.774
29.3,8.047
29.31,7.837
29.32,8.153
29.33,7.859
29.34,7.899
29.35,7.912
29.36,7.989
29.37,8.048
29.38,8.073
29.39,7.999
29.4,7.801
29.41,8.109
29.42,7.992
29.43,8.174
29.44,7.894
29.45,7.76
29.46,7.995
29.47,8.194
29.48,8.024
29.49,7.97
29.5,7.869
29.51,8.264
29.52,7.846
29.53,7.891
29.54,8.086
29.55,7.722
29.56,8.191
29.57,8.094
29.58,8.135
29.59,8.084
29.6,7.976
29.61,7.841
29.62,7.979
29.63,7.854
29.64,8.073
29.65,8.121
29.66,8.222
29.67,8.056
29.68,8.139
29.69,7.955
29.7,7.928
29.71,8.071
29.72,7.942
29.73,8.04
29.74,7.841
29.75,7.868
29.76,8.095
29.77,8.133
29.78,7.852
29.79,8.101
29.8,7.92
29.81,8.002
29.82,8.213
29.83,8.121
29.84,8.119
29.85,8.286
29.86,7.894
29.87,7.852
29.88,7.892
29.89,7.962
29.9,7.647
29.91,7.969
29.92,7.918
29.93,8.118
29.94,8.053
29.95,7.91
29.96,8.088
29.97,8.108
29.98,7.885
29.99,7.926
30.0,7.666
30.01,7.836
30.02,7.889
30.03,8.011
30.04,7.858
30.05,7.923
30.06,7.816
30.07,8.026
30.08,8.064
30.09,8.06
30.1,8.002
30.11,7.769
30.12,7.907
30.13,7.939
30.14,7.94
30.15,8.011
30.16,8.214
30.17,8.122
30.18,7.852
30.19,8.102
30.2,8.096
30.21,7.879
30.22,8.127
30.23,7.976
30.24,7.789
30.25,8.068
30.26,8.033
30.27,7.966
30.28,7.994
30.29,7.892
30.3,8.092
30.31,7.993
30.32,8.025
30.33,8.054
30.34,7.827
30.35,7.866
30.36,7.669
30.37,8.085
30.38,7.818
30.39,8.02
30.4,8.056
30.41,8.09
30.42,7.819
30.43,7.99
30.44,8.251
30.45,8.257
30.46,8.148
30.47,8.051
30.48,7.849
30.49,8.108
30.5,7.976
30.51,8.084
30.52,7.905
30.53,7.974
30.54,8.025
30.55,8.037
30.56,8.074
30.57,7.913
30.58,7.799
30.59,8.244
30.6,8.373
30.61,8.067
30.62,7.801
30.63,7.884
30.64,8.076
30.65,8.201
30.66,7.818
30.67,7.981
30.68,8.029
30.69,8.13
30.7,7.948
30.71,7.765
30.72,8.093
30.73,8.169
30.74,7.988
30.75,8.061
30.76,7.929
30.77,7.873
30.78,8.154
30.79,8.058
30.8,8.074
30.81,8.225
30.82,7.842
30.83,7.917
30.84,8.024
30.85,7.915
30.86,8.117
30.87,7.972
30.88,7.851
30.89,8.01
30.9,8.026
30.91,8.14
30.92,8.059
30.93,8.069
30.94,8.048
30.95,7.972
30.96,7.893
30.97,8.043
30.98,7.95
30.99,8.253
31.0,8.201
31.01,8.095
31.02,8.057
31.03,7.987
31.04,7.811
31.05,7.968
31.06,8.015
31.07,8.034
31.08,8.07
31.09,8.138
31.1,7.896
31.11,7.898
31.12,8.218
31.13,8.116
31.14,7.941
31.15,7.984
31.16,7.985
31.17,8.005
31.18,8.071
31.19,8.38
31.2,8.028
31.21,8.099
31.22,7.747
31.23,7.927
31.24,8.184
31.25,8.06
31.26,7.342
31.27,8.101
31.28,8.288
31.29,7.701
31.3,8.228
31.31,7.584
31.32,8.141
31.33,7.999
31.34,7.648
31.35,8.067
31.36,8.173
31.37,8.055
31.38,8.088
31.39,7.938
31.4,7.721
31.41,8.104
31.42,8.262
31.43,8.169
31.44,7.702
31.45,7.773
31.46,7.873
31.47,7.761
31.48,8.007
31.49,8.059
31.5,7.785
31.51,8.117
31.52,8.09
31.53,7.918
31.54,7.974
31.55,7.708
31.56,7.95
31.57,8.001
31.58,8.025
31.59,8.057
31.6,8.037
31.61,7.96
31.62,8.043
31.63,8.15
31.64,7.986
31.65,8.048
31.66,7.972
31.67,7.903
31.68,8.078
31.69,7.917
31.7,8.058
31.71,8.004
31.72,7.954
31.73,7.951
31.74,7.924
31.75,7.753
31.76,8.057
31.77,8.035
31.78,8.127
31.79,7.92
31.8,8.284
31.81,7.943
31.82,7.869
31.83,7.851
31.84,7.74
31.85,8.23
31.86,8.206
31.87,8.09
31.88,7.866
31.89,8.272
31.9,7.947
31.91,7.96
31.92,8.216
31.93,8.099
31.94,8.33
31.95,8.037
31.96,7.94
31.97,7.908
31.98,7.723
31.99,7.958
32.0,8.172
32.01,8.09
32.02,8.003
32.03,7.851
32.04,8.034
32.05,8.152
32.06,8.065
32.07,8.025
32.08,7.88
32.09,8.13
32.1,7.53
32.11,8.057
32.12,8.386
32.13,7.774
32.14,7.964
32.15,7.999
32.16,7.931
32.17,8.155
32.18,8.071
32.19,8.023
32.2,8.12
32.21,8.003
32.22,8.477
32.23,8.023
32.24,8.029
32.25,7.743
32.26,7.918
32.27,8.172
32.28,7.8
32.29,7.676
32.3,8.005
32.31,8.206
32.32,8.006
32.33,7.95
32.34,7.721
32.35,8.068
32.36,8.099
32.37,7.733
32.38,8.17
32.39,8.115
32.4,8.17
32.41,8.088
32.42,8.098
32.43,8.078
32.44,8.13
32.45,7.727
32.46,7.775
32.47,7.89
32.48,7.981
32.49,8.058
32.5,8.049
32.51,8.168
32.52,8.172
32.53,7.869
32.54,8.036
32.55,7.873
32.56,7.972
32.57,8.048
32.58,7.489
32.59,8.362
32.6,8.085
32.61,7.911
32.62,8.289
32.63,7.948
32.64,8.02
32.65,7.927
32.66,8.248
32.67,7.984
32.68,8.022
32.69,8.181
32.7,8.088
32.71,7.992
32.72,8.167
32.73,8.381
32.74,8.048
32.75,8.018
32.76,8.026
32.77,8.197
32.78,7.91
32.79,7.958
32.8,7.769
32.81,7.822
32.82,7.922
32.83,7.992
32.84,8.265
32.85,8.08
32.86,7.863
32.87,7.891
32.88,8.206
32.89,8.169
32.9,8.004
32.91,7.934
32.92,8.169
32.93,7.851
32.94,8.059
32.95,8.341
32.96,8.031
32.97,7.884
32.98,8.062
32.99,7.929
33.0,7.791
33.01,8.105
33.02,8.168
33.03,7.953
33.04,7.943
33.05,7.856
33.06,7.978
33.07,7.916
33.08,7.848
33.09,8.284
33.1,8.07
33.11,8.086
33.12,8.133
33.13,8.116
33.14,7.938
33.15,8.041
33.16,7.96
33.17,8.066
33.18,8.051
33.19,7.943
33.2,7.801
33.21,8.022
33.22,7.969
33.23,7.716
33.24,8.076
33.25,8.145
33.26,8.379
33.27,7.941
33.28,7.919
33.29,7.834
33.3,8.031
33.31,8.03
33.32,7.878
33.33,7.974
33.34,7.703
33.35,8.139
33.36,7.884
33.37,7.995
33.38,7.786
33.39,7.913
33.4,7.958
33.41,7.998
33.42,8.072
33.43,8.216
33.44,8.11
33.45,8.144
33.46,8.217
33.47,8.085
33.48,7.994
33.49,8.151
33.5,8.161
33.51,8.097
33.52,7.782
33.53,7.874
33.54,7.959
33.55,8.117
33.56,7.997
33.57,8.171
33.58,8.197
33.59,8.18
33.6,8.181
33.61,7.844
33.62,8.072
33.63,7.909
33.64,7.753
33.65,7.957
33.66,8.199
33.67,8.069
33.68,8.303
33.69,8.027
33.7,8.367
33.71,8.027
33.72,8.003
33.73,7.808
33.74,8.167
33.75,7.925
33.76,7.903
33.77,8.192
33.78,8.174
33.79,8.17
33.8,7.946
33.81,7.992
33.82,7.991
33.83,8.117
33.84,8.233
33.85,8.055
33.86,8.296
33.87,8.135
33.88,7.965
33.89,8.124
33.9,8.256
33.91,8.3
33.92,8.178
33.93,8.004
33.94,7.967
33.95,8.086
33.96,8.251
33.97,8.065
33.98,8.068
33.99,8.008
34.0,7.951
34.01,7.976
34.02,8.02
34.03,8.258
34.04,7.964
34.05,8.008
34.06,7.87
34.07,8.107
34.08,8.205
34.09,8.244
34.1,8.031
34.11,8.086
34.12,7.977
34.13,8.079
34.14,8.047
34.15,8.009
34.16,8.021
34.17,8.068
34.18,7.956
34.19,7.964
34.2,8.256
34.21,8.407
34.22,7.819
34.23,7.811
34.24,7.856
34.25,7.985
34.26,8.134
34.27,8.089
34.28,8.026
34.29,8.079
34.3,7.896
34.31,7.963
34.32,7.997
34.33,7.762
34.34,7.826
34.35,7.832
34.36,8.115
34.37,8.037
34.38,8.092
34.39,7.724
34.4,7.777
34.41,8.099
34.42,7.583
34.43,8.184
34.44,7.727
34.45,8.127
34.46,7.867
34.47,8.157
34.48,8.481
34.49,7.659
34.5,8.104
34.51,7.729
34.52,8.064
34.53,7.969
34.54,8.019
34.55,7.863
34.56,8.117
34.57,7.783
34.58,8.186
34.59,7.939
34.6,7.79
34.61,8.239
34.62,7.99
34.63,8.286
34.64,8.183
34.65,7.88
34.66,7.987
34.67,8.018
34.68,8.229
34.69,8.066
34.7,8.026
34.71,7.97
34.72,7.992
34.73,8.196
34.74,8.001
34.75,7.941
34.76,7.915
34.77,7.917
34.78,7.79
34.79,7.887
34.8,8.225
34.81,7.969
34.82,8.106
34.83,7.628
34.84,8.085
34.85,7.976
34.86,7.928
34.87,8.027
34.88,7.926
34.89,7.681
34.9,8.138
34.91,8.036
34.92,7.953
34.93,7.855
34.94,7.78
34.95,8.034
34.96,8.242
34.97,8.03
34.98,7.793
34.99,8.034
35.0,7.992
35.01,8.13
35.02,8.091
35.03,7.552
35.04,8.082
35.05,7.849
35.06,7.787
35.07,7.972
35.08,8.062
35.09,7.754
35.1,8.106
35.11,8.115
35.12,8.007
35.13,7.87
35.14,7.853
35.15,8.154
35.16,7.773
35.17,8.16
35.18,7.975
35.19,7.986
35.2,7.744
35.21,7.978
35.22,8.092
35.23,7.8
35.24,8.075
35.25,8.013
35.26,7.903
35.27,8.128
35.28,7.67
35.29,8.052
35.3,8.243
35.31,8.216
35.32,8.058
35.33,7.955
35.34,7.905
35.35,7.955
35.36,8.082
35.37,7.879
35.38,8.114
35.39,8.32
35.4,7.991
35.41,7.798
35.42,7.798
35.43,8.116
35.44,7.991
35.45,8.132
35.46,7.92
35.47,8.125
35.48,7.976
35.49,7.89
35.5,7.94
35.51,7.82
35.52,8.298
35.53,7.986
35.54,8.097
35.55,7.919
35.56,7.842
35.57,7.965
35.58,8.165
35.59,7.922
35.6,7.869
35.61,8.023
35.62,8.075
35.63,8.246
35.64,8.053
35.65,8.097
35.66,8.108
35.67,7.827
35.68,7.856
35.69,7.837
35.7,7.8
35.71,8.119
35.72,8.044
35.73,8.012
35.74,7.611
35.75,8.308
35.76,7.866
35.77,8.308
35.78,7.783
35.79,7.878
35.8,7.67
35.81,8.054
35.82,7.835
35.83,7.839
35.84,7.794
35.85,8.117
35.86,8.107
35.87,8.272
35.88,7.897
35.89,8.033
35.9,7.807
35.91,7.95
35.92,7.922
35.93,8.07
35.94,8.153
35.95,8.149
35.96,7.874
35.97,8.15
35.98,7.993
35.99,7.951
36.0,7.894
36.01,7.916
36.02,8.261
36.03,8.046
36.04,8.026
36.05,7.961
36.06,8.367
36.07,8.196
36.08,7.892
36.09,7.959
36.1,7.968
36.11,8.022
36.12,7.895
36.13,8.066
36.14,8.218
36.15,7.803
36.16,7.831
36.17,7.928
36.18,7.934
36.19,8.3
36.2,8.15
36.21,8.142
36.22,7.96
36.23,7.957
36.24,7.782
36.25,8.117
36.26,8.074
36.27,8.193
36.28,7.968
36.29,7.979
36.3,8.026
36.31,8.134
36.32,7.779
36.33,8.11
36.34,7.997
36.35,7.841
36.36,7.687
36.37,7.98
36.38,8.217
36.39,8.251
36.4,8.053
36.41,8.294
36.42,7.994
36.43,8.143
36.44,7.932
36.45,7.923
36.46,7.898
36.47,7.691
36.48,8.193
36.49,7.904
36.5,7.88
36.51,7.823
36.52,7.969
36.53,8.265
36.54,8.314
36.55,7.751
36.56,7.947
36.57,7.845
36.58,8.148
36.59,8.043
36.6,7.905
36.61,8.011
36.62,7.928
36.63,8.242
36.64,8.082
36.65,8.1
36.66,7.6
36.67,7.99
36.68,8.312
36.69,8.199
36.7,7.723
36.71,7.953
36.72,7.82
36.73,8.257
36.74,8.037
36.75,7.885
36.76,8.005
36.77,7.609
36.78,7.837
36.79,8.005
36.8,8.127
36.81,7.709
36.82,7.943
36.83,8.151
36.84,7.782
36.85,8.034
36.86,8.01
36.87,8.257
36.88,7.965
36.89,7.974
36.9,8.128
36.91,7.801
36.92,7.967
36.93,7.932
36.94,7.979
36.95,8.127
36.96,8.083
36.97,7.888
36.98,8.021
36.99,8.224
37.0,7.875
37.01,8.022
37.02,7.971
37.03,7.991
37.04,7.755
37.05,8.212
37.06,7.884
37.07,8.154
37.08,7.907
37.09,7.906
37.1,8.182
37.11,8.149
37.12,8.031
37.13,8.114
37.14,7.957
37.15,7.999
37.16,7.901
37.17,8.136
37.18,7.896
37.19,8.223
37.2,7.953
37.21,8.003
37.22,8.114
37.23,8.004
37.24,7.955
37.25,7.995
37.26,8.134
37.27,7.901
37.28,7.981
37.29,8.002
37.3,8.13
37.31,7.985
37.32,8.271
37.33,7.977
37.34,7.964
37.35,7.974
37.36,7.803
37.37,7.844
37.38,7.92
37.39,8.17
37.4,7.995
37.41,7.927
37.42,8.184
37.43,8.233
37.44,8.188
37.45,7.872
37.46,7.926
37.47,8.272
37.48,8.036
37.49,7.96
37.5,8.108
37.51,8.151
37.52,7.914
37.53,8.033
37.54,8.139
37.55,7.826
37.56,8.002
37.57,7.833
37.58,7.852
37.59,7.916
37.6,8.072
37.61,7.952
37.62,7.903
37.63,8.008
37.64,7.828
37.65,8.064
37.66,8.17
37.67,7.988
37.68,7.97
37.69,8.056
37.7,7.696
37.71,8.081
37.72,8.465
37.73,7.982
37.74,7.982
37.75,8.112
37.76,8.247
37.77,8.146
37.78,7.677
37.79,8.085
37.8,8.386
37.81,8.093
37.82,7.827
37.83,8.042
37.84,7.808
37.85,8.185
37.86,7.857
37.87,8.011
37.88,7.871
37.89,7.918
37.9,8.223
37.91,8.016
37.92,7.916
37.93,7.828
37.94,7.719
37.95,7.812
37.96,8.017
37.97,8.147
37.98,7.916
37.99,8.236
38.0,7.892
38.01,7.964
38.02,7.838
38.03,8.149
38.04,8.315
38.05,7.736
38.06,7.948
38.07,8.19
38.08,7.783
38.09,8.085
38.1,8.183
38.11,8.012
38.12,8.083
38.13,8.264
38.14,8.292
38.15,7.991
38.16,7.92
38.17,7.862
38.18,8.147
38.19,7.794
38.2,7.962
38.21,8.015
38.22,7.925
38.23,8.042
38.24,8.385
38.25,7.982
38.26,7.935
38.27,8.152
38.28,8.036
38.29,8.216
38.3,8.025
38.31,7.963
38.32,7.732
38.33,7.757
38.34,7.725
38.35,8.057
38.36,7.796
38.37,8.188
38.38,8.005
38.39,7.963
38.4,7.873
38.41,8.093
38.42,7.879
38.43,7.852
38.44,8.178
38.45,8.053
38.46,7.965
38.47,8.096
38.48,8.001
38.49,8.057
38.5,7.877
38.51,8.311
38.52,7.913
38.53,8.233
38.54,7.972
38.55,8.121
38.56,8.11
38.57,8.172
38.58,7.874
38.59,8.161
38.6,8.277
38.61,7.961
38.62,8.005
38.63,7.921
38.64,7.948
38.65,8.257
38.66,7.849
38.67,7.859
38.68,8.242
38.69,8.094
38.7,8.318
38.71,7.932
38.72,8.019
38.73,7.901
38.74,8.021
38.75,7.734
38.76,8.103
38.77,8.049
38.78,7.991
38.79,7.941
38.8,7.866
38.81,8.109
38.82,7.824
38.83,8.077
38.84,8.311
38.85,8.223
38.86,7.774
38.87,7.919
38.88,8.063
38.89,7.989
38.9,7.79
38.91,8.058
38.92,7.998
38.93,8.287
38.94,7.962
38.95,8.175
38.96,7.81
38.97,7.846
38.98,8.108
38.99,8.163
39.0,7.856
39.01,7.99
39.02,7.766
39.03,7.933
39.04,8.072
39.05,7.868
39.06,7.883
39.07,7.737
39.08,7.796
39.09,8.144
39.1,7.878
39.11,7.703
39.12,7.793
39.13,7.587
39.14,7.661
39.15,8.004
39.16,7.765
39.17,8.057
39.18,7.746
39.19,7.741
39.2,7.829
39.21,7.319
39.22,7.737
39.23,7.686
39.24,7.903
39.25,7.811
39.26,7.483
39.27,7.826
39.28,7.587
39.29,7.478
39.3,7.63
39.31,7.556
39.32,7.804
39.33,7.611
39.34,7.578
39.35,7.668
39.36,7.684
39.37,7.624
39.38,7.706
39.39,7.571
39.4,7.492
39.41,7.639
39.42,7.426
39.43,7.432
39.44,7.672
39.45,7.643
39.46,7.385
39.47,7.305
39.48,7.579
39.49,7.467
39.5,7.381
39.51,7.272
39.52,7.356
39.53,7.29
39.54,7.18
39.55,7.286
39.56,7.293
39.57,7.184
39.58,7.362
39.59,7.407
39.6,7.345
39.61,7.145
39.62,7.287
39.63,7.172
39.64,6.961
39.65,7.234
39.66,7.142
39.67,7.496
39.68,7.312
39.69,7.187
39.7,7.104
39.71,7.078
39.72,6.889
39.73,6.766
39.74,6.882
39.75,6.993
39.76,6.671
39.77,6.892
39.78,6.923
39.79,6.914
39.8,6.834
39.81,6.869
39.82,7.165
39.83,6.993
39.84,6.796
39.85,6.856
39.86,6.849
39.87,6.725
39.88,6.711
39.89,6.965
39.9,6.737
39.91,6.622
39.92,6.767
39.93,6.778
39.94,6.451
39.95,6.727
39.96,6.85
39.97,6.774
39.98,7.028
39.99,6.868
40.0,6.884
40.01,7.073
40.02,6.754
40.03,6.651
40.04,6.759
40.05,6.516
40.06,6.603
40.07,6.476
40.08,6.62
40.09,6.449
40.1,6.43
40.11,6.582
40.12,6.486
40.13,6.204
40.14,6.262
40.15,6.295
40.16,6.321
40.17,6.502
40.18,6.46
40.19,6.573
40.2,6.513
40.21,6.547
40.22,6.465
40.23,6.391
40.24,6.512
40.25,6.471
40.26,6.376
40.27,6.497
40.28,5.941
40.29,6.236
40.3,6.221
40.31,6.426
40.32,6.476
40.33,6.009
40.34,6.425
40.35,6.024
40.36,6.015
40.37,6.138
40.38,6.112
40.39,5.913
40.4,6.231
40.41,6.222
40.42,6.265
40.43,6.028
40.44,6.074
40.45,6.062
40.46,6.307
40.47,5.615
40.48,5.883
40.49,6.014
40.5,5.837
40.51,5.948
40.52,5.954
40.53,5.861
40.54,5.956
40.55,6.028
40.56,5.885
40.57,5.839
40.58,5.868
40.59,5.879
40.6,5.606
40.61,5.923
40.62,5.772
40.63,6.016
40.64,5.902
40.65,5.976
40.66,5.635
40.67,5.718
40.68,5.574
40.69,5.641
40.7,5.921
40.71,5.943
40.72,5.534
40.73,5.625
40.74,5.669
40.75,5.755
40.76,5.389
40.77,5.4
40.78,5.7
40.79,5.321
40.8,5.533
40.81,5.611
40.82,5.636
40.83,5.539
40.84,5.492
40.85,5.66
40.86,5.563
40.87,5.41
40.88,5.499
40.89,5.537
40.9,5.724
40.91,5.571
40.92,5.622
40.93,5.335
40.94,5.335
40.95,5.365
40.96,5.365
40.97,5.222
40.98,5.55
40.99,5.479
41.0,5.287
41.01,5.416
41.02,5.34
41.03,5.401
41.04,5.078
41.05,5.245
41.06,5.245
41.07,5.334
41.08,5.132
41.09,4.838
41.1,5.038
41.11,5.178
41.12,5.183
41.13,5.413
41.14,5.234
41.15,5.146
41.16,5.115
41.17,5.272
41.18,5.005
41.19,5.059
41.2,4.903
41.21,5.266
41.22,5.099
41.23,4.921
41.24,4.996
41.25,5.076
41.26,4.949
41.27,4.893
41.28,4.862
41.29,4.998
41.3,4.88
41.31,4.852
41.32,4.706
41.33,4.905
41.34,4.853
41.35,4.818
41.36,4.883
41.37,4.952
41.38,4.932
41.39,4.896
41.4,4.764
41.41,4.702
41.42,4.617
41.43,4.671
41.44,4.75
41.45,4.615
41.46,4.734
41.47,4.562
41.48,4.444
41.49,4.803
41.5,4.596
41.51,4.528
41.52,4.476
41.53,4.69
41.54,4.82
41.55,4.54
41.56,4.554
41.57,4.734
41.58,4.288
41.59,4.842
41.6,4.9
41.61,4.114
41.62,4.492
41.63,4.385
41.64,4.44
41.65,4.404
41.66,4.575
41.67,4.423
41.68,4.29
41.69,4.388
41.7,4.477
41.71,4.209
41.72,4.126
41.73,4.659
41.74,4.25
41.75,4.313
41.76,4.26
41.77,4.389
41.78,4.559
41.79,4.367
41.8,4.039
41.81,4.046
41.82,4.18
41.83,4.186
41.84,3.955
41.85,4.323
41.86,4.024
41.87,4.397
41.88,4.433
41.89,4.109
41.9,4.199
41.91,3.935
41.92,4.2
41.93,4.019
41.94,3.917
41.95,4.023
41.96,3.983
41.97,3.991
41.98,4.169
41.99,3.896
42.0,4.26
42.01,3.788
42.02,4.216
42.03,3.808
42.04,3.947
42.05,3.86
42.06,3.868
42.07,4.027
42.08,4.118
42.09,4.059
42.1,3.806
42.11,3.881
42.12,3.723
42.13,3.678
42.14,3.641
42.15,3.734
42.16,3.824
42.17,3.487
42.18,3.753
42.19,3.974
42.2,3.902
42.21,3.632
42.22,3.497
42.23,3.762
42.24,3.332
42.25,3.833
42.26,3.621
42.27,3.915
42.28,3.368
42.29,3.751
42.3,3.585
42.31,3.537
42.32,3.368
42.33,3.649
42.34,3.648
42.35,3.801
42.36,3.671
42.37,3.418
42.38,3.343
42.39,3.275
42.4,3.688
42.41,3.337
42.42,3.662
42.43,3.505
42.44,3.463
42.45,3.354
42.46,3.486
42.47,3.371
42.48,3.305
42.49,3.451
42.5,3.312
42.51,3.2
42.52,3.397
42.53,3.284
42.54,3.353
42.55,3.199
42.56,3.072
42.57,3.5
42.58,3.459
42.59,3.346
42.6,3.142
42.61,3.142
42.62,3.381
42.63,3.107
42.64,3.052
42.65,3.414
42.66,3.113
42.67,3.372
42.68,2.884
42.69,3.158
42.7,3.377
42.71,3.058
42.72,3.0
42.73,2.852
42.74,3.176
42.75,2.884
42.76,2.972
42.77,2.788
42.78,3.194
42.79,3.12
42.8,2.929
42.81,2.747
42.82,3.137
42.83,2.838
42.84,2.714
42.85,2.602
42.86,2.756
42.87,2.622
42.88,2.733
42.89,2.925
42.9,2.744
42.91,2.84
42.92,2.665
42.93,2.77
42.94,3.035
42.95,2.681
42.96,2.778
42.97,2.472
42.98,2.921
42.99,2.608
43.0,2.824
43.01,2.635
43.02,2.732
43.03,2.727
43.04,2.545
43.05,2.764
43.06,2.473
43.07,2.69
43.08,2.501
43.09,2.599
43.1,2.464
43.11,2.527
43.12,2.345
43.13,2.53
43.14,2.487
43.15,2.386
43.16,2.445
43.17,2.46
43.18,2.334
43.19,2.394
43.2,2.249
43.21,2.739
43.22,2.532
43.23,2.401
43.24,2.522
43.25,2.036
43.26,1.936
43.27,2.247
43.28,2.087
43.29,2.245
43.3,2.298
43.31,2.391
43.32,2.069
43.33,2.287
43.34,2.215
43.35,2.252
43.36,2.109
43.37,2.381
43.38,2.144
43.39,2.413
43.4,2.015
43.41,2.231
43.42,2.098
43.43,2.044
43.44,2.175
43.45,2.022
43.46,1.654
43.47,1.581
43.48,2.218
43.49,2.198
43.5,2.283
43.51,1.984
43.52,1.779
43.53,1.897
43.54,1.948
43.55,1.782
43.56,2.167
43.57,2.243
43.58,1.965
43.59,1.878
43.6,1.672
43.61,2.085
43.62,1.851
43.63,1.783
43.64,1.886
43.65,1.712
43.66,1.809
43.67,1.557
43.68,1.923
43.69,1.731
43.7,1.907
43.71,1.69
43.72,1.686
43.73,1.511
43.74,1.794
43.75,1.535
43.76,1.58
43.77,1.64
43.78,1.645
43.79,1.357
43.8,1.565
43.81,1.706
43.82,1.517
43.83,1.526
43.84,1.571
43.85,1.514
43.86,1.365
43.87,1.501
43.88,1.642
43.89,1.322
43.9,1.41
43.91,1.246
43.92,1.581
43.93,1.413
43.94,1.286
43.95,1.414
43.96,1.206
43.97,1.218
43.98,1.141
43.99,1.187
44.0,1.537
44.01,1.21
44.02,1.377
44.03,1.168
44.04,1.394
44.05,1.113
44.06,1.259
44.07,1.248
44.08,1.576
44.09,1.308
44.1,1.111
44.11,1.289
44.12,1.494
44.13,0.916
44.14,1.02
44.15,1.098
44.16,1.057
44.17,1.057
44.18,0.898
44.19,1.291
44.2,0.853
44.21,1.023
44.22,1.197
44.23,1.022
44.24,0.866
44.25,0.798
44.26,0.952
44.27,0.86
44.28,0.991
44.29,0.736
44.3,1.055
44.31,0.937
44.32,0.935
44.33,1.109
44.34,0.814
44.35,0.758
44.36,0.771
44.37,0.811
44.38,0.813
44.39,0.689
44.4,0.497
44.41,0.703
44.42,0.827
44.43,0.78
44.44,0.927
44.45,1.027
44.46,0.834
44.47,0.914
44.48,0.808
44.49,0.936
44.5,0.944
44.51,0.796
44.52,0.746
44.53,0.596
44.54,0.607
44.55,0.549
44.56,0.68
44.57,0.465
44.58,0.531
44.59,0.193
44.6,0.792
44.61,0.487
44.62,0.575
44.63,0.712
44.64,0.525
44.65,0.683
44.66,0.267
44.67,0.8
44.68,0.59
44.69,0.445
44.7,0.614
44.71,0.211
44.72,0.33
44.73,0.577
44.74,0.067
44.75,0.417
44.76,0.4
44.77,0.602
44.78,0.056
44.79,0.521
44.8,0.183
44.81,0.186
44.82,0.057
44.83,0.063
44.84,0.274
44.85,0.033
44.86,0.298
44.87,0.074
44.88,0.0
44.89,0.067
44.9,0.184
44.91,0.078
44.92,0.112
44.93,0.198
44.94,0.242
44.95,0.02
44.96,0.0
44.97,0.051
44.98,0.097
44.99,0.0
45.0,0.0
