time_s,flow_ml_s
0.0,0.021619999999999997
0.01,0.0
0.02,0.053579999999999996
0.03,0.06767999999999999
0.04,0.0
0.05,0.0
0.06,0.01316
0.07,0.0
0.08,0.005169999999999999
0.09,0.0
0.1,0.07143999999999999
0.11,0.0658
0.12,0.01739
0.13,0.094
0.14,0.04887999999999999
0.15,0.0
0.16,0.04606
0.17,0.0
0.18,0.08600999999999999
0.19,0.02256
0.2,0.01551
0.21,0.0
0.22,0.11938
0.23,0.024909999999999998
0.24,0.00799
0.25,0.01598
0.26,0.08084
0.27,0.07190999999999999
0.28,0.07802
0.29,0.08177999999999999
0.3,0.20539
0.31,0.028669999999999998
0.32,0.024439999999999996
0.33,0.006109999999999999
0.34,0.10998
0.35,0.14945999999999998
0.36,0.06486
0.37,0.016919999999999998
0.38,0.021619999999999997
0.39,0.12878
0.4,0.13865
0.41,0.12831
0.42,0.04653
0.43,0.11327
0.44,0.10857
0.45,0.11985
0.46,0.1692
0.47,0.12737
0.48,0.16355999999999998
0.49,0.12408
0.5,0.14381999999999998
0.51,0.17201999999999998
0.52,0.028669999999999998
0.53,0.11279999999999998
0.54,0.10622
0.55,0.0987
0.56,0.12831
0.57,0.25756
0.58,0.09541
0.59,0.22888999999999998
0.6,0.04653
0.61,0.1457
0.62,0.18518
0.63,0.21996
0.64,0.23312
0.65,0.24345999999999998
0.66,0.16779
0.67,0.16402999999999998
0.68,0.26226
0.69,0.19269999999999998
0.7,0.12125999999999999
0.71,0.13582999999999998
0.72,0.15604
0.73,0.26085
0.74,0.24064
0.75,0.28435
0.76,0.21056
0.77,0.25709
0.78,0.29516
0.79,0.23406
0.8,0.29328
0.81,0.21996
0.82,0.24628
0.83,0.25004
0.84,0.19787
0.85,0.32195
0.86,0.25991000000000003
0.87,0.29939
0.88,0.33792999999999995
0.89,0.34121999999999997
0.9,0.3619
0.91,0.31396
0.92,0.29657
0.93,0.32664999999999994
0.94,0.21902
0.95,0.24158
0.96,0.25615
0.97,0.28481999999999996
0.98,0.38915999999999995
0.99,0.30315
1.0,0.34591999999999995
1.01,0.47046999999999994
1.02,0.35955
1.03,0.44273999999999997
1.04,0.33087999999999995
1.05,0.38821999999999995
1.06,0.34215999999999996
1.07,0.39103999999999994
1.08,0.48034
1.09,0.30597
1.1,0.46436
1.11,0.45683999999999997
1.12,0.40467
1.13,0.35062
1.14,0.46436
1.15,0.42817
1.16,0.48832999999999993
1.17,0.4798699999999999
1.18,0.5978399999999999
1.19,0.47469999999999996
1.2,0.42582
1.21,0.51747
1.22,0.52687
1.23,0.61382
1.24,0.5837399999999999
1.25,0.55648
1.26,0.64155
1.27,0.46107
1.28,0.50666
1.29,0.4935
1.3,0.53815
1.31,0.47563999999999995
1.32,0.62416
1.33,0.57058
1.34,0.48974
1.35,0.5287499999999999
1.36,0.6298
1.37,0.6735099999999999
1.38,0.76234
1.39,0.8342499999999999
1.4,0.66505
1.41,0.5733999999999999
1.42,0.50008
1.43,0.6768
1.44,0.60771
1.45,0.64296
1.46,0.6363800000000001
1.47,0.67727
1.48,0.7698599999999999
1.49,0.7129899999999999
1.5,0.6984199999999999
1.51,0.6439
1.52,0.6063
1.53,0.69748
1.54,0.7355499999999999
1.55,0.8718499999999999
1.56,0.7637499999999999
1.57,0.8319
1.58,0.73508
1.59,0.69419
1.6,0.7176899999999999
1.61,0.74213
1.62,0.9512799999999999
1.63,0.75106
1.64,0.87608
1.65,0.76093
1.66,0.8981699999999999
1.67,0.86762
1.68,0.83754
1.69,0.85352
1.7,0.81827
1.71,0.90381
1.72,0.8483499999999999
1.73,0.80229
1.74,0.8065199999999999
1.75,0.91697
1.76,1.0241299999999998
1.77,0.93248
1.78,0.9207299999999999
1.79,0.95739
1.8,1.03776
1.81,0.96961
1.82,0.9334199999999999
1.83,1.0485699999999998
1.84,1.0090899999999998
1.85,1.09557
1.86,1.0086199999999999
1.87,0.91791
1.88,0.91603
1.89,1.1374
1.9,1.1510299999999998
1.91,1.02554
1.92,1.01943
1.93,1.15808
1.94,0.98559
1.95,1.0090899999999998
1.96,1.1265899999999998
1.97,1.0617299999999998
1.98,1.0979199999999998
1.99,1.09557
2.0,1.1397499999999998
2.01,1.22388
2.02,1.1397499999999998
2.03,1.18769
2.04,1.00627
2.05,1.1562
2.06,1.1092
2.07,1.09134
2.08,1.1247099999999999
2.09,1.1717099999999998
2.1,1.269
2.11,1.11954
2.12,1.2243499999999998
2.13,1.19709
2.14,1.2172999999999998
2.15,1.32023
2.16,1.29626
2.17,1.3615899999999999
2.18,1.26571
2.19,1.2365699999999997
2.2,1.27934
2.21,1.32117
2.22,1.32587
2.23,1.2459699999999998
2.24,1.33809
2.25,1.35736
2.26,1.5279699999999998
2.27,1.4922499999999999
2.28,1.30895
2.29,1.3583
2.3,1.28451
2.31,1.3554799999999998
2.32,1.4287999999999998
2.33,1.50118
2.34,1.37428
2.35,1.38885
2.36,1.29297
2.37,1.4424299999999999
2.38,1.38838
2.39,1.43585
2.4,1.42081
2.41,1.4856699999999998
2.42,1.37804
2.43,1.4081199999999998
2.44,1.67132
2.45,1.44008
2.46,1.46311
2.47,1.6797799999999998
2.48,1.7648499999999998
2.49,1.48708
2.5,1.55335
2.51,1.6130399999999998
2.52,1.72067
2.53,1.5392499999999998
2.54,1.6012899999999999
2.55,1.6830699999999998
2.56,1.66897
2.57,1.62197
2.58,1.64876
2.59,1.57121
2.6,1.6614499999999999
2.61,1.66944
2.62,1.7145599999999999
2.63,1.66897
2.64,1.75122
2.65,1.79963
2.66,1.74887
2.67,1.7728399999999997
2.68,1.76203
2.69,1.7686099999999998
2.7,1.72772
2.71,1.81091
2.72,1.7921099999999999
2.73,1.95661
2.74,1.93029
2.75,1.8565
2.76,1.7859999999999998
2.77,1.77143
2.78,1.9439199999999999
2.79,1.88893
2.8,1.9143100000000002
2.81,1.7681399999999998
2.82,1.96648
2.83,1.94345
2.84,1.84381
2.85,1.89927
2.86,1.9613099999999999
2.87,1.9570799999999997
2.88,1.9429800000000002
2.89,1.9669499999999998
2.9,1.96648
2.91,2.00549
2.92,2.10936
2.93,1.8348799999999998
2.94,2.0097199999999997
2.95,2.0492
2.96,2.0684699999999996
2.97,2.03181
2.98,1.9448599999999998
2.99,2.1023099999999997
3.0,2.21182
3.01,1.99233
3.02,2.17187
3.03,2.09855
3.04,2.12816
3.05,2.06894
3.06,2.1300399999999997
3.07,2.256
3.08,2.21652
3.09,2.3081699999999996
3.1,2.2794999999999996
3.11,2.23861
3.12,2.3410699999999998
3.13,2.25976
3.14,2.2983
3.15,2.2296799999999997
3.16,2.26634
3.17,2.2231
3.18,2.35282
3.19,2.21088
3.2,2.36034
3.21,2.30253
3.22,2.40922
3.23,2.3908899999999997
3.24,2.4768999999999997
3.25,2.4111
3.26,2.25976
3.27,2.37679
3.28,2.31005
3.29,2.3669199999999995
3.3,2.52108
3.31,2.4707899999999996
3.32,2.3876
3.33,2.3763199999999998
3.34,2.4609199999999998
3.35,2.38431
3.36,2.4336599999999997
3.37,2.51403
3.38,2.5845299999999995
3.39,2.55727
3.4,2.3641
3.41,2.55821
3.42,2.55304
3.43,2.5882899999999998
3.44,2.68417
3.45,2.4360099999999996
3.46,2.55116
3.47,2.6456299999999997
3.48,2.5036899999999997
3.49,2.7302299999999997
3.5,2.66349
3.51,2.7086099999999997
3.52,2.61978
3.53,2.72882
3.54,2.75796
3.55,2.71049
3.56,2.72177
3.57,2.73587
3.58,2.6672499999999997
3.59,2.72929
3.6,2.7401
3.61,2.7894499999999995
3.62,2.84397
3.63,2.71049
3.64,2.7875699999999997
3.65,2.91259
3.66,2.7668899999999996
3.67,2.773
3.68,2.8566599999999998
3.69,2.91306
3.7,2.8660599999999996
3.71,2.9704
3.72,2.9487799999999997
3.73,2.95912
3.74,2.95019
3.75,3.0869599999999995
3.76,2.91964
3.77,2.8044899999999995
3.78,3.07051
3.79,2.93656
3.8,2.9882599999999995
3.81,3.0846099999999996
3.82,2.89097
3.83,2.9271599999999998
3.84,2.9139999999999997
3.85,2.98262
3.86,3.08132
3.87,3.0987099999999996
3.88,3.09307
3.89,2.98544
3.9,2.93374
3.91,3.1123399999999997
3.92,3.0869599999999995
3.93,3.16404
3.94,3.1931799999999995
3.95,3.16498
3.96,3.22044
3.97,3.19506
3.98,3.22796
3.99,3.15276
4.0,3.20117
4.01,3.2397099999999996
4.02,3.2951699999999997
4.03,3.22138
4.04,3.29799
4.05,3.25428
4.06,3.27637
4.07,3.35486
4.08,3.1677999999999997
4.09,3.2289
4.1,3.22749
4.11,3.17908
4.12,3.30786
4.13,3.42019
4.14,3.35909
4.15,3.40515
4.16,3.4798799999999996
4.17,3.5085499999999996
4.18,3.4220699999999997
4.19,3.53393
4.2,3.45685
4.21,3.4032699999999996
4.22,3.43241
4.23,3.3821199999999996
4.24,3.4356999999999998
4.25,3.4850499999999998
4.26,3.5785799999999997
4.27,3.6551899999999997
4.28,3.44839
4.29,3.5856299999999997
4.3,3.49633
4.31,3.61524
4.32,3.5846899999999997
4.33,3.47659
4.34,3.6833899999999997
4.35,3.5870399999999996
4.36,3.60396
4.37,3.5785799999999997
4.38,3.6194699999999997
4.39,3.70783
4.4,3.6763399999999997
4.41,3.7252199999999998
4.42,3.73932
4.43,3.8192199999999996
4.44,3.71394
4.45,3.6457899999999994
4.46,3.83708
4.47,3.7506
4.48,3.8648100000000003
4.49,3.8253299999999997
4.5,3.80089
4.51,3.84695
4.52,3.9719700000000002
4.53,3.99312
4.54,3.8634
4.55,3.8821999999999997
4.56,3.9588099999999997
4.57,3.8352
4.58,3.9306099999999997
4.59,3.91745
4.6,3.9531699999999996
4.61,3.88455
4.62,3.8431899999999994
4.63,3.82157
4.64,3.9010000000000002
4.65,3.95975
4.66,3.9832499999999995
4.67,4.15292
4.68,4.10639
4.69,3.9724399999999997
4.7,4.07725
4.71,4.035889999999999
4.72,4.05704
4.73,4.10216
4.74,4.1449300000000004
4.75,4.08947
4.76,4.20039
4.77,4.05704
4.78,4.150569999999999
4.79,4.345149999999999
4.8,4.190049999999999
4.81,4.2873399999999995
4.82,4.205089999999999
4.83,4.251619999999999
4.84,4.21919
4.85,4.22342
4.86,4.1924
4.87,4.29016
4.88,4.21167
4.89,4.331049999999999
4.9,4.37288
4.91,4.334339999999999
4.92,4.3004999999999995
4.93,4.36489
4.94,4.32353
4.95,4.42317
4.96,4.24034
4.97,4.3583099999999995
4.98,4.2535
4.99,4.3009699999999995
5.0,4.514819999999999
5.01,4.49367
5.02,4.39215
5.03,4.349379999999999
5.04,4.2582
5.05,4.4415
5.06,4.6624
5.07,4.53456
5.08,4.47675
5.09,4.56135
5.1,4.430689999999999
5.11,4.53221
5.12,4.572159999999999
5.13,4.57122
5.14,4.64548
5.15,4.6262099999999995
5.16,4.661459999999999
5.17,4.5778
5.18,4.701879999999999
5.19,4.7658
5.2,4.59472
5.21,4.613049999999999
5.22,4.7817799999999995
5.23,4.68637
5.24,4.811389999999999
5.25,4.69342
5.26,4.839119999999999
5.27,4.75828
5.28,4.77943
5.29,4.88377
5.3,4.76016
5.31,4.73149
5.32,4.77849
5.33,4.854159999999999
5.34,4.7244399999999995
5.35,4.89176
5.36,4.82126
5.37,4.95239
5.38,4.71504
5.39,4.840529999999999
5.4,4.7893
5.41,4.86215
5.42,4.9500399999999996
5.43,4.93218
5.44,4.93923
5.45,4.958029999999999
5.46,4.995629999999999
5.47,4.9227799999999995
5.48,5.055789999999999
5.49,5.0647199999999994
5.5,5.057669999999999
5.51,5.08211
5.52,5.076
5.53,5.21042
5.54,5.07318
5.55,5.06989
5.56,5.05062
5.57,5.0431
5.58,5.04028
5.59,5.0778799999999995
5.6,5.14744
5.61,5.18833
5.62,5.180809999999999
5.63,5.1352199999999995
5.64,5.264939999999999
5.65,5.26588
5.66,5.21465
5.67,5.19209
5.68,5.28891
5.69,5.2757499999999995
5.7,5.17235
5.71,5.281859999999999
5.72,5.3175799999999995
5.73,5.2475499999999995
5.74,5.33685
5.75,5.2329799999999995
5.76,5.44166
5.77,5.447769999999999
5.78,5.354239999999999
5.79,5.4097
5.8,5.226399999999999
5.81,5.32698
5.82,5.39983
5.83,5.35706
5.84,5.49524
5.85,5.5977
5.86,5.3862
5.87,5.42239
5.88,5.50981
5.89,5.61885
5.9,5.4313199999999995
5.91,5.54741
5.92,5.67008
5.93,5.43743
5.94,5.4755
5.95,5.548349999999999
5.96,5.55352
5.97,5.659739999999999
5.98,5.631539999999999
5.99,5.5013499999999995
6.0,5.674779999999999
6.01,5.60992
6.02,5.75233
6.03,5.6306
6.04,5.64188
6.05,5.73682
6.06,5.76455
6.07,5.75468
6.08,5.616029999999999
6.09,5.7847599999999995
6.1,5.68606
6.11,5.787579999999999
6.12,5.68277
6.13,5.8265899999999995
6.14,5.74998
6.15,5.728829999999999
6.16,5.88158
6.17,5.85996
6.18,5.8115499999999995
6.19,5.96947
6.2,5.84774
6.21,5.89333
6.22,5.922
6.23,5.87124
6.24,5.960069999999999
6.25,5.901319999999999
6.26,5.92153
6.27,6.05877
6.28,5.901319999999999
6.29,5.816249999999999
6.3,6.111879999999999
6.31,6.1899
6.32,5.99344
6.33,5.8975599999999995
6.34,6.0239899999999995
6.35,6.0376199999999995
6.36,6.056419999999999
6.37,6.00331
6.38,6.13444
6.39,6.14243
6.4,6.011769999999999
6.41,6.17815
6.42,6.28578
6.43,6.16499
6.44,6.140549999999999
6.45,6.166399999999999
6.46,6.231259999999999
6.47,6.07804
6.48,6.223269999999999
6.49,6.196009999999999
6.5,6.36568
6.51,6.23455
6.52,6.3764899999999995
6.53,6.19272
6.54,6.323849999999999
6.55,6.31633
6.56,6.24442
6.57,6.32996
6.58,6.41456
6.59,6.31821
6.6,6.23314
6.61,6.3628599999999995
6.62,6.312569999999999
6.63,6.3633299999999995
6.64,6.393409999999999
6.65,6.29095
6.66,6.308809999999999
6.67,6.46814
6.68,6.408919999999999
6.69,6.27685
6.7,6.524539999999999
6.71,6.5001
6.72,6.441819999999999
6.73,6.41127
6.74,6.5743599999999995
6.75,6.551799999999999
6.76,6.70643
6.77,6.58
6.78,6.5889299999999995
6.79,6.5616699999999994
6.8,6.642509999999999
6.81,6.64063
6.82,6.69609
6.83,6.58282
6.84,6.60021
6.85,6.608669999999999
6.86,6.70972
6.87,6.77082
6.88,6.64439
6.89,6.65849
6.9,6.721939999999999
6.91,6.69374
6.92,6.789619999999999
6.93,6.5752999999999995
6.94,6.6871599999999995
6.95,6.7017299999999995
6.96,6.604439999999999
6.97,6.711599999999999
6.98,6.72617
6.99,6.787739999999999
7.0,6.892079999999999
7.01,6.80748
7.02,6.7633
7.03,6.8431999999999995
7.04,6.932499999999999
7.05,6.8013699999999995
7.06,6.816879999999999
7.07,6.93203
7.08,6.88832
7.09,6.9607
7.1,6.92545
7.11,6.987019999999999
7.12,6.875629999999999
7.13,6.95929
7.14,6.9564699999999995
7.15,6.89678
7.16,6.88315
7.17,7.05282
7.18,6.99125
7.19,6.95506
7.2,7.0312
7.21,7.128489999999999
7.22,6.8995999999999995
7.23,6.96587
7.24,7.017569999999999
7.25,7.1966399999999995
7.26,7.12426
7.27,7.16985
7.28,7.04624
7.29,7.058929999999999
7.3,7.18019
7.31,7.16374
7.32,7.20933
7.33,7.1684399999999995
7.34,7.21215
7.35,7.214499999999999
7.36,7.26949
7.37,7.282179999999999
7.38,7.12191
7.39,7.08901
7.4,7.328709999999999
7.41,7.352679999999999
7.42,7.20792
7.43,7.15951
7.44,7.3084999999999996
7.45,7.37806
7.46,7.44997
7.47,7.37054
7.48,7.31837
7.49,7.29252
7.5,7.36725
7.51,7.355969999999999
7.52,7.31649
7.53,7.543029999999999
7.54,7.5350399999999995
7.55,7.50026
7.56,7.3658399999999995
7.57,7.50167
7.58,7.49697
7.59,7.49368
7.6,7.56136
7.61,7.528929999999999
7.62,7.546789999999999
7.63,7.5500799999999995
7.64,7.53974
7.65,7.40062
7.66,7.542559999999999
7.67,7.508249999999999
7.68,7.467829999999999
7.69,7.68685
7.7,7.700950000000001
7.71,7.68544
7.72,7.617759999999999
7.73,7.7056499999999994
7.74,7.62152
7.75,7.64549
7.76,7.564649999999999
7.77,7.68027
7.78,7.66664
7.79,7.581099999999999
7.8,7.679799999999999
7.81,7.68779
7.82,7.8306700000000005
7.83,7.77709
7.84,7.72539
7.85,7.752179999999999
7.86,7.74842
7.87,7.740899999999999
7.88,7.6892
7.89,7.765339999999999
7.9,7.7333799999999995
7.91,7.707999999999999
7.92,7.84242
7.93,7.8443000000000005
7.94,7.700950000000001
7.95,7.828319999999999
7.96,7.917149999999999
7.97,7.93172
7.98,7.93971
7.99,7.880019999999999
8.0,7.82785
8.01,7.821269999999998
8.02,7.93172
8.03,7.944409999999999
8.04,8.018199999999998
8.05,8.015379999999999
8.06,7.9383
8.07,7.86968
8.08,7.9448799999999995
8.09,7.99282
8.1,7.973079999999999
8.11,7.956629999999999
8.12,8.02478
8.13,7.981539999999999
8.14,7.982480000000001
8.15,8.05862
8.16,8.018199999999998
8.17,8.07366
8.18,8.08541
8.19,7.99564
8.2,8.05157
8.21,8.1968
8.22,8.02337
8.23,7.96556
8.24,7.99329
8.25,8.13617
8.26,8.14604
8.27,8.1451
8.28,8.248969999999998
8.29,7.98436
8.3,8.21043
8.31,8.30208
8.32,8.122069999999999
8.33,8.18411
8.34,8.16766
8.35,8.16719
8.36,8.216539999999998
8.37,8.349549999999999
8.38,8.38809
8.39,8.24427
8.4,8.411589999999999
8.41,8.28939
8.42,8.42005
8.43,8.29926
8.44,8.324169999999999
8.45,8.350019999999999
8.46,8.557759999999998
8.47,8.40313
8.48,8.302549999999998
8.49,8.42992
8.5,8.34532
8.51,8.345790000000001
8.52,8.45342
8.53,8.40078
8.54,8.42757
8.55,8.4177
8.56,8.44966
8.57,8.465169999999999
8.58,8.307719999999998
8.59,8.500419999999998
8.6,8.39326
8.61,8.36976
8.62,8.47645
8.63,8.49572
8.64,8.44966
8.65,8.56622
8.66,8.42193
8.67,8.49713
8.68,8.49337
8.69,8.54037
8.7,8.57186
8.71,8.490079999999999
8.72,8.62121
8.73,8.58361
8.74,8.45436
8.75,8.45859
8.76,8.604759999999999
8.77,8.598650000000001
8.78,8.61557
8.79,8.629669999999999
8.8,8.65646
8.81,8.71615
8.82,8.57938
8.83,8.584079999999998
8.84,8.59818
8.85,8.7044
8.86,8.78007
8.87,8.67056
8.88,8.53332
8.89,8.59818
8.9,8.66774
8.91,8.695939999999998
8.92,8.71474
8.93,8.754689999999998
8.94,8.73871
8.95,8.84305
8.96,8.72978
8.97,8.72508
8.98,8.82801
8.99,8.694529999999999
9.0,8.83835
9.01,8.826600000000001
9.02,8.8172
9.03,8.94786
9.04,8.800279999999999
9.05,8.997679999999999
9.06,8.84493
9.07,8.77866
9.08,8.88206
9.09,8.809209999999998
9.1,8.84023
9.11,8.92953
9.12,8.948799999999999
9.13,8.87407
9.14,8.99533
9.15,9.01554
9.16,9.04327
9.17,8.98734
9.18,9.054079999999999
9.19,8.83318
9.2,8.951619999999998
9.21,8.9206
9.22,8.998149999999999
9.23,8.95726
9.24,8.99392
9.25,9.1462
9.26,9.008959999999998
9.27,9.058309999999999
9.28,9.02024
9.29,9.04985
9.3,9.052669999999999
9.31,9.09168
9.32,9.14996
9.33,9.19132
9.34,9.10484
9.35,9.1321
9.36,9.01695
9.37,9.09967
9.38,9.179569999999998
9.39,9.18192
9.4,9.14338
9.41,9.198839999999999
9.42,9.178159999999998
9.43,9.23597
9.44,9.1791
9.45,9.14103
9.46,9.19696
9.47,8.97418
9.48,9.21529
9.49,8.93846
9.5,9.081339999999999
9.51,9.24208
9.52,9.251009999999999
9.53,9.142909999999999
9.54,9.18192
9.55,9.336079999999999
9.56,9.21247
9.57,9.41175
9.58,9.26088
9.59,9.2966
9.6,9.38919
9.61,9.291429999999998
9.62,9.21858
9.63,9.28861
9.64,9.30083
9.65,9.21435
9.66,9.29942
9.67,9.27216
9.68,9.396709999999999
9.69,9.340779999999999
9.7,9.32527
9.71,9.34454
9.72,9.37462
9.73,9.4094
9.74,9.30224
9.75,9.306
9.76,9.46392
9.77,9.363809999999999
9.78,9.29989
9.79,9.437599999999998
9.8,9.44559
9.81,9.31164
9.82,9.44277
9.83,9.48507
9.84,9.4658
9.85,9.49071
9.86,9.35394
9.87,9.482719999999999
9.88,9.44465
9.89,9.43807
9.9,9.540059999999999
9.91,9.589409999999999
9.92,9.618079999999999
9.93,9.590819999999999
9.94,9.49682
9.95,9.53583
9.96,9.57108
9.97,9.53207
9.98,9.539119999999999
9.99,9.594109999999999
10.0,9.53818
10.01,9.49682
10.02,9.52549
10.03,9.60539
10.04,9.56732
10.05,9.59693
10.06,9.626539999999999
10.07,9.55886
10.08,9.64487
10.09,9.62419
10.1,9.51656
10.11,9.711139999999999
10.12,9.58001
10.13,9.504809999999999
10.14,9.55369
10.15,9.561209999999999
10.16,9.64299
10.17,9.6256
10.18,9.62701
10.19,9.70033
10.2,9.68623
10.21,9.690459999999998
10.22,9.702679999999999
10.23,9.72289
10.24,9.536769999999999
10.25,9.66508
10.26,9.542879999999998
10.27,9.704559999999999
10.28,9.707379999999999
10.29,9.78728
10.3,9.80279
10.31,9.73887
10.32,9.69469
10.33,9.769889999999998
10.34,9.703619999999999
10.35,9.746389999999998
10.36,9.82112
10.37,9.717719999999998
10.38,9.819239999999999
10.39,9.815479999999999
10.4,9.705969999999999
10.41,9.84744
10.42,9.83287
10.43,9.79621
10.44,9.74075
10.45,9.73887
10.46,9.7666
10.47,9.847909999999999
10.48,9.747799999999998
10.49,9.850729999999999
10.5,9.737459999999999
10.51,9.81595
10.52,9.843210000000001
10.53,10.01288
10.54,9.74827
10.55,9.95413
10.56,9.86577
10.57,9.88927
10.58,9.87329
10.59,9.901019999999999
10.6,9.863889999999998
10.61,9.98186
10.62,9.852139999999999
10.63,9.9687
10.64,9.84838
10.65,9.89444
10.66,9.8277
10.67,9.94003
10.68,10.014289999999999
10.69,9.911829999999998
10.7,9.908069999999999
10.71,9.847909999999999
10.72,9.914649999999998
10.73,9.822999999999999
10.74,9.875639999999999
10.75,9.960239999999999
10.76,10.042019999999999
10.77,10.15153
10.78,9.91653
10.79,10.06317
10.8,9.98374
10.81,9.960239999999999
10.82,10.00583
10.83,9.98374
10.84,9.991259999999999
10.85,9.9593
10.86,9.8935
10.87,9.887389999999998
10.88,10.04672
10.89,9.985149999999999
10.9,9.966819999999998
10.91,10.013349999999999
10.92,10.073039999999999
10.93,10.03356
10.94,9.97857
10.95,10.115339999999998
10.96,10.144009999999998
10.97,10.071629999999999
10.98,10.10923
10.99,10.132259999999999
11.0,10.128029999999999
11.01,10.0956
11.02,10.098419999999999
11.03,10.09654
11.04,9.98656
11.05,10.116749999999998
11.06,9.97575
11.07,10.018989999999999
11.08,10.17033
11.09,10.14166
11.1,10.190539999999999
11.11,10.070219999999999
11.12,10.01194
11.13,10.07962
11.14,10.107349999999999
11.15,10.10923
11.16,10.186779999999999
11.17,10.08479
11.18,10.138839999999998
11.19,10.047659999999999
11.2,10.15247
11.21,10.12427
11.22,10.074449999999999
11.23,10.113929999999998
11.24,10.12098
11.25,10.11816
11.26,10.26527
11.27,10.13649
11.28,10.129439999999999
11.29,10.002069999999998
11.3,10.08996
11.31,10.137429999999998
11.32,10.11064
11.33,10.25963
11.34,10.153410000000001
11.35,10.25869
11.36,10.1755
11.37,10.17644
11.38,10.1708
11.39,10.1802
11.4,10.303809999999999
11.41,10.02181
11.42,10.047189999999999
11.43,10.15294
11.44,10.194769999999998
11.45,10.245059999999999
11.46,10.23284
11.47,10.17503
11.48,10.276549999999999
11.49,10.27984
11.5,10.22297
11.51,10.28031
11.52,10.23425
11.53,10.17785
11.54,10.269029999999999
11.55,10.23049
11.56,10.224849999999998
11.57,10.33107
11.58,10.05706
11.59,10.132259999999999
11.6,10.15059
11.61,10.211219999999999
11.62,10.22109
11.63,10.13508
11.64,10.174089999999998
11.65,10.185369999999999
11.66,10.421309999999998
11.67,10.37713
11.68,10.223439999999998
11.69,10.22908
11.7,10.1755
11.71,10.12427
11.72,10.25258
11.73,10.19242
11.74,10.25869
11.75,10.15388
11.76,10.21498
11.77,10.280779999999998
11.78,10.29817
11.79,10.303809999999999
11.8,10.183019999999999
11.81,10.338119999999998
11.82,10.223439999999998
11.83,10.325899999999999
11.84,10.28266
11.85,10.187719999999999
11.86,10.26433
11.87,10.31415
11.88,10.332949999999999
11.89,10.28172
11.9,10.4011
11.91,10.36585
11.92,10.277959999999998
11.93,10.35034
11.94,10.43541
11.95,10.438699999999999
11.96,10.215449999999999
11.97,10.23801
11.98,10.409559999999999
11.99,10.231429999999998
12.0,10.214039999999999
12.01,10.274199999999999
12.02,10.339529999999998
12.03,10.303809999999999
12.04,10.26668
12.05,10.26621
12.06,10.26433
12.07,10.25399
12.08,10.477709999999998
12.09,10.33906
12.1,10.381829999999999
12.11,10.28548
12.12,10.308039999999998
12.13,10.271849999999999
12.14,10.136019999999998
12.15,10.22673
12.16,10.19712
12.17,10.16704
12.18,10.24224
12.19,10.42084
12.2,10.324959999999999
12.21,10.4199
12.22,10.358799999999999
12.23,10.38559
12.24,10.267619999999999
12.25,10.36867
12.26,10.383709999999999
12.27,10.29253
12.28,10.3729
12.29,10.37431
12.3,10.295819999999999
12.31,10.25634
12.32,10.252109999999998
12.33,10.34235
12.34,10.35974
12.35,10.28125
12.36,10.339529999999998
12.37,10.37807
12.38,10.381829999999999
12.39,10.447629999999998
12.4,10.42883
12.41,10.268559999999999
12.42,10.45797
12.43,10.30193
12.44,10.413319999999999
12.45,10.3447
12.46,10.310859999999998
12.47,10.212629999999999
12.48,10.327779999999999
12.49,10.230019999999998
12.5,10.40815
12.51,10.44669
12.52,10.283599999999998
12.53,10.36115
12.54,10.288769999999998
12.55,10.29535
12.56,10.394049999999998
12.57,10.336709999999998
12.58,10.46173
12.59,10.30475
12.6,10.409089999999999
12.61,10.34517
12.62,10.394049999999998
12.63,10.30616
12.64,10.333889999999998
12.65,10.328719999999999
12.66,10.27749
12.67,10.38277
12.68,10.381829999999999
12.69,10.37713
12.7,10.44293
12.71,10.43635
12.72,10.3071
12.73,10.35927
12.74,10.2883
12.75,10.33342
12.76,10.288769999999998
12.77,10.444809999999999
12.78,10.35551
12.79,10.31368
12.8,10.412379999999999
12.81,10.17456
12.82,10.184429999999999
12.83,10.381829999999999
12.84,10.329189999999999
12.85,10.34188
12.86,10.22955
12.87,10.32026
12.88,10.4622
12.89,10.37807
12.9,10.33107
12.91,10.28689
12.92,10.28924
12.93,10.16563
12.94,10.332949999999999
12.95,10.37337
12.96,10.201349999999998
12.97,10.26433
12.98,10.22814
12.99,10.24083
13.0,10.31133
13.01,10.159049999999999
13.02,10.34799
13.03,10.356449999999999
13.04,10.28407
13.05,10.12568
13.06,10.22861
13.07,10.384649999999999
13.08,10.100299999999999
13.09,10.269969999999999
13.1,10.20981
13.11,10.34799
13.12,10.24224
13.13,10.3165
13.14,10.326369999999999
13.15,10.41426
13.16,10.269029999999999
13.17,10.308039999999998
13.18,10.17503
13.19,10.361619999999998
13.2,10.2225
13.21,10.23472
13.22,10.27091
13.23,10.160459999999999
13.24,10.28454
13.25,10.33483
13.26,10.28548
13.27,10.15059
13.28,10.252109999999998
13.29,10.310859999999998
13.3,10.12427
13.31,10.17879
13.32,10.31415
13.33,10.2695
13.34,10.277019999999998
13.35,10.37713
13.36,10.276549999999999
13.37,10.28783
13.38,10.43024
13.39,10.22156
13.4,10.17832
13.41,10.26245
13.42,10.26057
13.43,10.19007
13.44,10.152
13.45,10.385119999999999
13.46,10.243179999999999
13.47,10.166099999999998
13.48,10.279369999999998
13.49,10.20464
13.5,10.191949999999999
13.51,10.246939999999999
13.52,10.11346
13.53,10.22673
13.54,10.334359999999998
13.55,10.22955
13.56,10.167509999999998
13.57,10.155289999999999
13.58,10.159519999999999
13.59,10.167509999999998
13.6,10.15623
13.61,10.24459
13.62,10.05471
13.63,10.23472
13.64,10.14448
13.65,10.194769999999998
13.66,10.08573
13.67,10.25587
13.68,10.246939999999999
13.69,10.223439999999998
13.7,10.046249999999999
13.71,10.2084
13.72,10.17503
13.73,10.03027
13.74,10.13837
13.75,10.16281
13.76,10.17315
13.77,10.14307
13.78,10.14777
13.79,10.22767
13.8,10.20699
13.81,9.91512
13.82,10.09137
13.83,10.098889999999999
13.84,9.98327
13.85,10.110169999999998
13.86,10.188189999999999
13.87,10.019929999999999
13.88,10.116749999999998
13.89,10.02463
13.9,10.03826
13.91,10.186309999999999
13.92,10.04014
13.93,10.107349999999999
13.94,9.939089999999998
13.95,10.199
13.96,10.10641
13.97,10.047189999999999
13.98,10.09654
13.99,9.95319
14.0,10.131789999999999
14.01,10.02181
14.02,10.026509999999998
14.03,10.002069999999998
14.04,9.9922
14.05,10.07774
14.06,10.042959999999999
14.07,10.06693
14.08,10.016169999999999
14.09,10.04907
14.1,9.97904
14.11,10.161869999999999
14.12,9.88974
14.13,10.085259999999998
14.14,10.08855
14.15,9.92781
14.16,10.14072
14.17,10.04954
14.18,10.043429999999999
14.19,9.97293
14.2,9.95131
14.21,9.94755
14.22,9.985149999999999
14.23,10.05236
14.24,9.961649999999999
14.25,9.880339999999999
14.26,9.99831
14.27,10.00019
14.28,9.97716
14.29,9.97904
14.3,9.902899999999999
14.31,9.851669999999999
14.32,9.8512
14.33,9.79245
14.34,9.91982
14.35,9.892559999999998
14.36,9.86295
14.37,9.68059
14.38,9.79621
14.39,9.958359999999999
14.4,9.8277
14.41,9.89538
14.42,9.767069999999999
14.43,9.961649999999999
14.44,9.845089999999999
14.45,9.87047
14.46,10.00912
14.47,9.94708
14.48,9.8136
14.49,9.788219999999999
14.5,9.80232
14.51,9.855899999999998
14.52,9.80749
14.53,9.78211
14.54,9.908069999999999
14.55,9.791509999999999
14.56,9.956479999999999
14.57,9.79527
14.58,9.909479999999999
14.59,9.80373
14.6,9.84133
14.61,9.71678
14.62,9.70221
14.63,9.789629999999999
14.64,9.821589999999999
14.65,9.749209999999998
14.66,9.65051
14.67,9.6397
14.68,9.629359999999998
14.69,9.59975
14.7,9.72665
14.71,9.792919999999999
14.72,9.706909999999999
14.73,9.542879999999998
14.74,9.68294
14.75,9.679649999999999
14.76,9.83287
14.77,9.57672
14.78,9.646279999999999
14.79,9.788219999999999
14.8,9.69422
14.81,9.6961
14.82,9.658969999999998
14.83,9.66837
14.84,9.69375
14.85,9.57625
14.86,9.689049999999998
14.87,9.52455
14.88,9.63876
14.89,9.62184
14.9,9.5598
14.91,9.59599
14.92,9.54758
14.93,9.50998
14.94,9.55416
14.95,9.49541
14.96,9.589879999999999
14.97,9.4799
14.98,9.60492
14.99,9.46533
15.0,9.50246
15.01,9.49212
15.02,9.62325
15.03,9.54664
15.04,9.50199
15.05,9.54617
15.06,9.35582
15.07,9.49494
15.08,9.63265
15.09,9.49447
15.1,9.48366
15.11,9.51092
15.12,9.52878
15.13,9.31869
15.14,9.3342
15.15,9.461099999999998
15.16,9.38919
15.17,9.52549
15.18,9.40423
15.19,9.283439999999999
15.2,9.32386
15.21,9.21247
15.22,9.38308
15.23,9.37979
15.24,9.35629
15.25,9.455459999999999
15.26,9.457339999999999
15.27,9.35394
15.28,9.208239999999998
15.29,9.395769999999999
15.3,9.38449
15.31,9.36005
15.32,9.40047
15.33,9.24208
15.34,9.45922
15.35,9.24302
15.36,9.35629
15.37,9.17722
15.38,9.223749999999999
15.39,9.38919
15.4,9.25665
15.41,9.32715
15.42,9.2778
15.43,9.24631
15.44,9.34266
15.45,9.22281
15.46,9.10672
15.47,9.16829
15.48,9.256179999999999
15.49,9.238319999999998
15.5,9.09262
15.51,9.144319999999999
15.52,9.147139999999998
15.53,9.15513
15.54,9.07664
15.55,9.12176
15.56,9.10719
15.57,9.205419999999998
15.58,9.20072
15.59,9.12599
15.6,9.10108
15.61,9.13116
15.62,9.05596
15.63,9.02494
15.64,9.031989999999999
15.65,9.04609
15.66,9.000969999999999
15.67,9.086979999999999
15.68,9.11894
15.69,8.94786
15.7,9.054079999999999
15.71,9.029169999999999
15.72,9.060659999999999
15.73,9.028229999999999
15.74,8.918719999999999
15.75,8.92436
15.76,9.007549999999998
15.77,9.070059999999998
15.78,8.83365
15.79,9.006139999999998
15.8,9.057839999999999
15.81,8.95491
15.82,8.996739999999999
15.83,8.90039
15.84,8.93329
15.85,8.81955
15.86,8.76033
15.87,8.984049999999998
15.88,8.84023
15.89,8.869369999999998
15.9,8.79558
15.91,8.78571
15.92,8.86467
15.93,8.81767
15.94,8.887229999999999
15.95,8.884409999999999
15.96,8.86702
15.97,8.85292
15.98,8.93893
15.99,8.743879999999999
16.0,8.80733
16.01,8.88253
16.02,8.883469999999999
16.03,8.685599999999999
16.04,8.75563
16.05,8.86467
16.06,8.79652
16.07,8.76597
16.08,8.72837
16.09,8.70816
16.1,8.74717
16.11,8.70017
16.12,8.70675
16.13,8.70675
16.14,8.64471
16.15,8.72132
16.16,8.88065
16.17,8.54131
16.18,8.6809
16.19,8.59536
16.2,8.68137
16.21,8.634839999999999
16.22,8.67667
16.23,8.69688
16.24,8.61886
16.25,8.67667
16.26,8.4224
16.27,8.69124
16.28,8.59677
16.29,8.637189999999999
16.3,8.466579999999999
16.31,8.48491
16.32,8.54507
16.33,8.52439
16.34,8.53661
16.35,8.584079999999998
16.36,8.374460000000001
16.37,8.55823
16.38,8.48115
16.39,8.45718
16.4,8.35895
16.41,8.488669999999999
16.42,8.27435
16.43,8.48115
16.44,8.320879999999999
16.45,8.42052
16.46,8.39937
16.47,8.48115
16.48,8.376809999999999
16.49,8.331219999999998
16.5,8.33498
16.51,8.45154
16.52,8.38997
16.53,8.315710000000001
16.54,8.317120000000001
16.55,8.213719999999999
16.56,8.3425
16.57,8.18176
16.58,8.349079999999999
16.59,8.295969999999999
16.6,8.445899999999998
16.61,8.19069
16.62,8.25132
16.63,8.37587
16.64,8.3237
16.65,8.181289999999999
16.66,8.23628
16.67,8.211369999999999
16.68,8.22124
16.69,8.14275
16.7,8.17612
16.71,8.06003
16.72,8.17283
16.73,8.18552
16.74,8.127709999999999
16.75,8.02055
16.76,8.19445
16.77,8.1404
16.78,8.05392
16.79,8.075539999999998
16.8,7.97966
16.81,8.00363
16.82,8.02807
16.83,8.14275
16.84,8.00128
16.85,8.08165
16.86,7.98906
16.87,8.03465
16.88,7.99705
16.89,8.05862
16.9,7.94958
16.91,7.866389999999999
16.92,7.87015
16.93,7.919969999999999
16.94,7.85934
16.95,7.966499999999999
16.96,7.89459
16.97,8.08494
16.98,7.78508
16.99,7.91198
17.0,7.808109999999999
17.01,7.84242
17.02,7.8772
17.03,7.693429999999999
17.04,7.86357
17.05,7.9712
17.06,7.79495
17.07,7.8349
17.08,7.87861
17.09,7.784609999999999
17.1,7.74513
17.11,7.615409999999999
17.12,7.810929999999999
17.13,7.74748
17.14,7.673690000000001
17.15,7.743719999999999
17.16,7.683559999999999
17.17,7.6769799999999995
17.18,7.7465399999999995
17.19,7.59943
17.2,7.75688
17.21,7.57452
17.22,7.61588
17.23,7.7879
17.24,7.72116
17.25,7.63797
17.26,7.55431
17.27,7.57311
17.28,7.60507
17.29,7.591909999999999
17.3,7.572639999999999
17.31,7.566059999999999
17.32,7.543029999999999
17.33,7.44574
17.34,7.50026
17.35,7.5909699999999996
17.36,7.41942
17.37,7.4918
17.38,7.4368099999999995
17.39,7.4918
17.4,7.44574
17.41,7.567
17.42,7.487569999999999
17.43,7.348919999999999
17.44,7.4781699999999995
17.45,7.3653699999999995
17.46,7.36866
17.47,7.42083
17.48,7.353149999999999
17.49,7.440099999999999
17.5,7.311789999999999
17.51,7.311789999999999
17.52,7.298629999999999
17.53,7.29393
17.54,7.40062
17.55,7.35691
17.56,7.4222399999999995
17.57,7.4504399999999995
17.58,7.20698
17.59,7.27419
17.6,7.17502
17.61,7.19241
17.62,7.19194
17.63,7.15105
17.64,7.1402399999999995
17.65,7.19335
17.66,7.10687
17.67,7.24082
17.68,7.10593
17.69,7.357849999999999
17.7,7.116739999999999
17.71,7.142589999999999
17.72,7.035429999999999
17.73,7.23565
17.74,7.18348
17.75,7.11439
17.76,6.98749
17.77,7.086189999999999
17.78,6.981379999999999
17.79,7.15246
17.8,7.09512
17.81,7.03355
17.82,6.8441399999999994
17.83,6.93532
17.84,7.042009999999999
17.85,7.06786
17.86,7.04953
17.87,6.8479
17.88,6.9700999999999995
17.89,7.00911
17.9,6.809359999999999
17.91,6.9146399999999995
17.92,6.9231
17.93,6.8713999999999995
17.94,6.750609999999999
17.95,6.846959999999999
17.96,6.83568
17.97,6.83709
17.98,6.7962
17.99,6.79338
18.0,6.81077
18.01,6.833329999999999
18.02,6.76941
18.03,6.750609999999999
18.04,6.774579999999999
18.05,6.621359999999999
18.06,6.77881
18.07,6.733689999999999
18.08,6.725229999999999
18.09,6.77881
18.1,6.562139999999999
18.11,6.548979999999999
18.12,6.69609
18.13,6.664599999999999
18.14,6.666009999999999
18.15,6.60961
18.16,6.67776
18.17,6.68528
18.18,6.64204
18.19,6.57812
18.2,6.43618
18.21,6.62747
18.22,6.648149999999999
18.23,6.595509999999999
18.24,6.4765999999999995
18.25,6.57483
18.26,6.57624
18.27,6.613839999999999
18.28,6.43054
18.29,6.46485
18.3,6.521719999999999
18.31,6.4615599999999995
18.32,6.36709
18.33,6.46344
18.34,6.46344
18.35,6.41738
18.36,6.415029999999999
18.37,6.369439999999999
18.38,6.48036
18.39,6.30082
18.4,6.31116
18.41,6.34171
18.42,6.39106
18.43,6.21199
18.44,6.2134
18.45,6.1504199999999996
18.46,6.28437
18.47,6.19178
18.48,6.23173
18.49,6.293769999999999
18.5,6.1899
18.51,6.239719999999999
18.52,6.19037
18.53,6.24724
18.54,6.2213899999999995
18.55,6.12739
18.56,6.152769999999999
18.57,6.226089999999999
18.58,6.168749999999999
18.59,6.030569999999999
18.6,6.16358
18.61,6.028689999999999
18.62,6.1931899999999995
18.63,6.153709999999999
18.64,6.09026
18.65,6.069109999999999
18.66,6.03104
18.67,6.081799999999999
18.68,5.9962599999999995
18.69,6.02681
18.7,6.05971
18.71,5.94691
18.72,5.930929999999999
18.73,5.87829
18.74,5.875469999999999
18.75,5.80967
18.76,5.9784
18.77,6.042319999999999
18.78,6.00331
18.79,5.776299999999999
18.8,5.92999
18.81,5.9671199999999995
18.82,5.82283
18.83,5.850089999999999
18.84,5.68935
18.85,5.83787
18.86,5.732119999999999
18.87,5.8092
18.88,5.672899999999999
18.89,5.8092
18.9,5.83129
18.91,5.691699999999999
18.92,5.65504
18.93,5.57091
18.94,5.69217
18.95,5.6578599999999994
18.96,5.57749
18.97,5.706739999999999
18.98,5.631069999999999
18.99,5.57467
19.0,5.59958
19.01,5.702039999999999
19.02,5.6569199999999995
19.03,5.593
19.04,5.63389
19.05,5.49618
19.06,5.56809
19.07,5.56433
19.08,5.50887
19.09,5.560569999999999
19.1,5.462339999999999
19.11,5.5413
19.12,5.53237
19.13,5.2757499999999995
19.14,5.55305
19.15,5.24191
19.16,5.4012400000000005
19.17,5.505109999999999
19.18,5.39795
19.19,5.30489
19.2,5.318989999999999
19.21,5.4567
19.22,5.236269999999999
19.23,5.43931
19.24,5.3439
19.25,5.25131
19.26,5.28233
19.27,5.23956
19.28,5.3598799999999995
19.29,5.33826
19.3,5.15355
19.31,5.2339199999999995
19.32,5.18927
19.33,5.32933
19.34,5.13052
19.35,5.32651
19.36,5.199139999999999
19.37,5.10749
19.38,5.12911
19.39,5.108429999999999
19.4,5.06284
19.41,5.14697
19.42,5.04169
19.43,4.96226
19.44,5.07694
19.45,4.96461
19.46,5.02618
19.47,5.00315
19.48,4.99328
19.49,5.18363
19.5,5.03464
19.51,5.0355799999999995
19.52,4.8809499999999995
19.53,4.94769
19.54,4.99657
19.55,4.89693
19.56,5.0210099999999995
19.57,4.8598
19.58,4.91244
19.59,4.87907
19.6,4.91949
19.61,4.85087
19.62,4.8645
19.63,4.85463
19.64,4.80716
19.65,4.8809499999999995
19.66,4.8513399999999995
19.67,4.81609
19.68,4.7799
19.69,4.854159999999999
19.7,4.76909
19.71,4.7517
19.72,4.76862
19.73,4.868729999999999
19.74,4.64219
19.75,4.77896
19.76,4.57874
19.77,4.715509999999999
19.78,4.7987
19.79,4.7098700000000004
19.8,4.675089999999999
19.81,4.6116399999999995
19.82,4.64078
19.83,4.60882
19.84,4.558999999999999
19.85,4.58156
19.86,4.60365
19.87,4.52328
19.88,4.50824
19.89,4.45701
19.9,4.5684000000000005
19.91,4.56699
19.92,4.53268
19.93,4.572159999999999
19.94,4.4979
19.95,4.5073
19.96,4.48897
19.97,4.44855
19.98,4.405309999999999
19.99,4.58673
20.0,4.3865099999999995
20.01,4.35925
20.02,4.42458
20.03,4.39967
20.04,4.27042
20.05,4.43633
20.06,4.33857
20.07,4.25444
20.08,4.40437
20.09,4.35267
20.1,4.20697
20.11,4.40954
20.12,4.31836
20.13,4.2591399999999995
20.14,4.359719999999999
20.15,4.246449999999999
20.16,4.22107
20.17,4.164199999999999
20.18,4.23987
20.19,4.220129999999999
20.2,4.17548
20.21,4.10639
20.22,4.15903
20.23,4.132709999999999
20.24,4.03166
20.25,4.00957
20.26,4.14117
20.27,3.9057
20.28,4.091349999999999
20.29,4.03119
20.3,4.1449300000000004
20.31,4.005809999999999
20.32,4.0748999999999995
20.33,3.9879499999999997
20.34,4.01192
20.35,4.04388
20.36,3.9470599999999996
20.37,4.037769999999999
20.38,3.8854899999999994
20.39,3.9639799999999994
20.4,3.99641
20.41,3.96586
20.42,4.042
20.43,3.84131
20.44,3.78538
20.45,3.80042
20.46,3.9052299999999995
20.47,3.88173
20.48,3.8417799999999995
20.49,3.74308
20.5,3.8643399999999994
20.51,3.7120599999999997
20.52,3.8681
20.53,3.9757299999999995
20.54,3.7877299999999994
20.55,3.79102
20.56,3.7031299999999994
20.57,3.5983199999999997
20.58,3.6711699999999996
20.59,3.62464
20.6,3.58798
20.61,3.79901
20.62,3.68527
20.63,3.68057
20.64,3.6199399999999997
20.65,3.61759
20.66,3.6857399999999996
20.67,3.60349
20.68,3.63122
20.69,3.5682399999999994
20.7,3.5456799999999995
20.71,3.4587299999999996
20.72,3.40656
20.73,3.5156
20.74,3.52594
20.75,3.41925
20.76,3.4958599999999995
20.77,3.49022
20.78,3.3224299999999998
20.79,3.3981
20.8,3.4794099999999997
20.81,3.4657799999999996
20.82,3.34546
20.83,3.4258299999999995
20.84,3.47518
20.85,3.4460399999999995
20.86,3.3727199999999997
20.87,3.33465
20.88,3.3111499999999996
20.89,3.37648
20.9,3.34546
20.91,3.36426
20.92,3.31773
20.93,3.3543899999999995
20.94,3.29141
20.95,3.32807
20.96,3.3224299999999998
20.97,3.19271
20.98,3.10999
20.99,3.33465
21.0,3.2321899999999997
21.01,3.08132
21.02,3.1400699999999997
21.03,3.2331299999999996
21.04,3.1471199999999997
21.05,3.1193899999999997
21.06,3.24253
21.07,3.05782
21.08,3.06393
21.09,3.12362
21.1,3.12456
21.11,3.12033
21.12,3.13772
21.13,3.0756799999999997
21.14,3.0846099999999996
21.15,3.0202199999999997
21.16,3.0315
21.17,3.02304
21.18,3.0188099999999998
21.19,3.04654
21.2,3.0197499999999997
21.21,2.9722799999999996
21.22,2.90037
21.23,2.9506599999999996
21.24,2.93233
21.25,2.93656
21.26,3.06675
21.27,2.86277
21.28,2.91776
21.29,2.9520699999999995
21.3,2.8721699999999997
21.31,3.01834
21.32,2.8157699999999997
21.33,2.85384
21.34,2.7631299999999994
21.35,2.78334
21.36,2.81389
21.37,2.8449099999999996
21.38,2.7960299999999996
21.39,2.8510199999999997
21.4,2.74433
21.41,2.7161299999999997
21.42,2.9187
21.43,2.7447999999999997
21.44,2.6545599999999996
21.45,2.6451599999999997
21.46,2.6164899999999998
21.47,2.73775
21.48,2.63435
21.49,2.65785
21.5,2.63294
21.51,2.67806
21.52,2.55539
21.53,2.5281299999999995
21.54,2.6085
21.55,2.6240099999999997
21.56,2.59346
21.57,2.50181
21.58,2.5958099999999997
21.59,2.4844199999999996
21.6,2.48865
21.61,2.44776
21.62,2.59487
21.63,2.53659
21.64,2.52343
21.65,2.55774
21.66,2.6569099999999994
21.67,2.3274399999999997
21.68,2.3847799999999997
21.69,2.38243
21.7,2.3547
21.71,2.3274399999999997
21.72,2.37162
21.73,2.29595
21.74,2.39418
21.75,2.3631599999999997
21.76,2.38243
21.77,2.3735
21.78,2.36927
21.79,2.28937
21.8,2.45434
21.81,2.31052
21.82,2.1521299999999997
21.83,2.20148
21.84,2.13897
21.85,2.25177
21.86,2.23109
21.87,2.1958399999999996
21.88,2.35987
21.89,2.24613
21.9,2.24801
21.91,2.12017
21.92,2.10466
21.93,2.1671699999999996
21.94,2.1657599999999997
21.95,2.0120699999999996
21.96,2.1197
21.97,2.1225199999999997
21.98,2.0957299999999996
21.99,2.0430900000000003
22.0,2.0520199999999997
22.01,2.06659
22.02,2.07505
22.03,2.1008999999999998
22.04,2.12393
22.05,2.0162999999999998
22.06,1.99421
22.07,2.04685
22.08,2.0482599999999995
22.09,1.96413
22.1,2.04027
22.11,2.0430900000000003
22.12,2.05484
22.13,2.07834
22.14,1.8818799999999998
22.15,1.9335799999999999
22.16,1.92277
22.17,1.9049099999999999
22.18,1.8555599999999999
22.19,1.78647
22.2,1.8870499999999997
22.21,1.81608
22.22,1.8663699999999999
22.23,1.79399
22.24,1.76203
22.25,1.8456899999999998
22.26,1.8297099999999997
22.27,1.8499199999999998
22.28,1.95285
22.29,1.80809
22.3,1.81279
22.31,1.69247
22.32,1.66756
22.33,1.8597899999999998
22.34,1.6732
22.35,1.6543999999999999
22.36,1.7154999999999998
22.37,1.70187
22.38,1.6341899999999998
22.39,1.6666199999999998
22.4,1.7648499999999998
22.41,1.61116
22.42,1.5599299999999998
22.43,1.7145599999999999
22.44,1.6732
22.45,1.5848399999999998
22.46,1.5072899999999998
22.47,1.5561699999999998
22.48,1.59518
22.49,1.67132
22.5,1.5063499999999999
22.51,1.5636899999999998
22.52,1.6074
22.53,1.3822699999999999
22.54,1.6135099999999998
22.55,1.4476
22.56,1.54442
22.57,1.52891
22.58,1.57826
22.59,1.5312599999999998
22.6,1.31506
22.61,1.41752
22.62,1.47345
22.63,1.44008
22.64,1.4781499999999999
22.65,1.4903699999999998
22.66,1.46828
22.67,1.4010699999999998
22.68,1.27652
22.69,1.3648799999999999
22.7,1.41705
22.71,1.30143
22.72,1.41376
22.73,1.42363
22.74,1.3592399999999998
22.75,1.12518
22.76,1.2417399999999998
22.77,1.45559
22.78,1.27464
22.79,1.1641899999999998
22.8,1.3822699999999999
22.81,1.28686
22.82,1.35454
22.83,1.28686
22.84,1.2906199999999999
22.85,1.27511
22.86,1.28968
22.87,1.39167
22.88,1.2906199999999999
22.89,1.1016799999999998
22.9,1.23563
22.91,1.27558
22.92,1.27135
22.93,1.1472699999999998
22.94,1.25067
22.95,1.22529
22.96,1.33245
22.97,1.0889900000000001
22.98,1.0974499999999998
22.99,1.10309
23.0,1.081
23.01,1.0443399999999998
23.02,0.9033399999999999
23.03,1.05891
23.04,1.10685
23.05,1.03776
23.06,1.2003799999999998
23.07,1.05609
23.08,1.1374
23.09,1.05656
23.1,1.08758
23.11,1.0405799999999998
23.12,1.1092
23.13,1.0081499999999999
23.14,1.03071
23.15,1.01332
23.16,0.9588
23.17,0.9992199999999999
23.18,1.12001
23.19,0.93483
23.2,0.9752500000000001
23.21,1.0260099999999999
23.22,1.00956
23.23,0.92167
23.24,0.7449499999999999
23.25,0.9409399999999999
23.26,0.74025
23.27,0.99217
23.28,0.8925299999999999
23.29,0.9428199999999999
23.3,0.8008799999999999
23.31,0.74683
23.32,0.86668
23.33,0.8380099999999999
23.34,0.7980599999999999
23.35,0.83049
23.36,1.0119099999999999
23.37,0.86762
23.38,0.87514
23.39,0.85258
23.4,0.88971
23.41,0.7642199999999999
23.42,0.6251
23.43,0.74918
23.44,0.81216
23.45,0.67868
23.46,0.7270899999999999
23.47,0.68338
23.48,0.83049
23.49,0.7698599999999999
23.5,0.7552899999999999
23.51,0.7458899999999999
23.52,0.6918399999999999
23.53,0.70124
23.54,0.5959599999999999
23.55,0.5184099999999999
23.56,0.6753899999999999
23.57,0.6805599999999999
23.58,0.7355499999999999
23.59,0.75388
23.6,0.74683
23.61,0.55836
23.62,0.5969
23.63,0.6486
23.64,0.7858399999999999
23.65,0.705
23.66,0.6720999999999999
23.67,0.55883
23.68,0.517
23.69,0.62792
23.7,0.48786
23.71,0.54191
23.72,0.54379
23.73,0.6570599999999999
23.74,0.51324
23.75,0.35955
23.76,0.56024
23.77,0.46858999999999995
23.78,0.51418
23.79,0.49866999999999995
23.8,0.4789299999999999
23.81,0.5470799999999999
23.82,0.37694
23.83,0.44179999999999997
23.84,0.5202899999999999
23.85,0.42206
23.86,0.34591999999999995
23.87,0.50008
23.88,0.52546
23.89,0.4371
23.9,0.29563
23.91,0.47752
23.92,0.30408999999999997
23.93,0.4371
23.94,0.34639
23.95,0.32101
23.96,0.36566
23.97,0.37788
23.98,0.33934
23.99,0.42018
24.0,0.34121999999999997
24.01,0.43616
24.02,0.3807
24.03,0.30597
24.04,0.28811
24.05,0.22748
24.06,0.35813999999999996
24.07,0.30691
24.08,0.15933
24.09,0.28293999999999997
24.1,0.25145
24.11,0.42064999999999997
24.12,0.18424
24.13,0.19693
24.14,0.3713
24.15,0.38351999999999997
24.16,0.22982999999999998
24.17,0.23265
24.18,0.31537
24.19,0.10246
24.2,0.13019
24.21,0.23640999999999998
24.22,0.36002
24.23,0.21526
24.24,0.24769
24.25,0.31584
24.26,0.37929
24.27,0.18518
24.28,0.21949
24.29,0.34451
24.3,0.10386999999999999
24.31,0.27870999999999996
24.32,0.12972
24.33,0.20398
24.34,0.17531
24.35,0.11985
24.36,0.11374
24.37,0.19787
24.38,0.24393
24.39,0.16027
24.4,0.17013999999999999
24.41,0.20115999999999998
24.42,0.08789
24.43,0.20445
24.44,0.20539
24.45,0.32711999999999997
24.46,0.11279999999999998
24.47,0.10293
24.48,0.18565
24.49,0.18518
24.5,0.08553999999999999
24.51,0.09118
24.52,0.15369
24.53,0.053579999999999996
24.54,0.07896
24.55,0.11044999999999999
24.56,0.17060999999999998
24.57,0.05452
24.58,0.0
24.59,0.0
24.6,0.0
24.61,0.0
24.62,0.06861999999999999
24.63,0.0
24.64,0.0235
24.65,0.01504
24.66,0.035719999999999995
24.67,0.15651
24.68,0.10715999999999999
24.69,0.05875
24.7,0.02209
24.71,0.02115
24.72,0.07190999999999999
24.73,0.08742
24.74,0.0
24.75,0.043239999999999994
24.76,0.0
24.77,0.05076
24.78,0.08695
24.79,0.01128
24.8,0.15651
24.81,0.0
24.82,0.03948
24.83,0.01927
24.84,0.01269
24.85,0.00987
24.86,0.0235
24.87,0.07425999999999999
24.88,0.10951
24.89,0.010809999999999998
24.9,0.06674
24.91,0.0
24.92,0.060629999999999996
24.93,0.0
24.94,0.08084
24.95,0.15886
24.96,0.0
24.97,0.0
24.98,0.0
24.99,0.08695
25.0,0.03901
